selected,total,duration,solving_time,instant,1,2,3,4,5,7,8,9,10,11,12,13,14,15,16,17,18,"(1, 9)","(2, 10)","(3, 11)","(9, 1)","(10, 2)","(11, 3)","(12, 4)","(13, 5)","(15, 7)","(16, 8)","(10, 9)","(9, 10)","(11, 10)","(10, 11)","(12, 11)","(11, 12)","(13, 12)","(12, 13)","(14, 13)","(13, 14)","(15, 14)","(14, 15)","(16, 15)","(15, 16)","(9, 16)","(16, 9)","(10, 17)","(17, 10)","(12, 17)","(17, 12)","(14, 17)","(17, 14)","(16, 17)","(17, 16)","(10, 18)","(18, 10)","(12, 18)","(18, 12)","(14, 18)","(18, 14)","(16, 18)","(18, 16)"
0.0,0.0,0.0,0.0,0.0,0.0,0.0,0.0,0.0,0.0,0.0,0.0,0.0,0.0,0.0,0.0,0.0,0.0,0.0,0.0,0.0,0.0,0.0,0.0,0.0,0.0,0.0,0.0,0.0,0.0,0.0,0.0,0.0,0.0,0.0,0.0,0.0,0.0,0.0,0.0,0.0,0.0,0.0,0.0,0.0,0.0,0.0,0.0,0.0,0.0,0.0,0.0,0.0,0.0,0.0,0.0,0.0,0.0,0.0,0.0,0.0,0.0,0.0,0.0
0.0,0.0,0.0,0.0,1.0,0.8,0.0,0.7,0.0,0.0,0.0,0.7,0.88,0.86,0.86,0.8,0.0,0.6,0.76,0.88,0.0,0.082,0.674,0.0,0.0,0.08,0.0,0.084,0.0,0.0,0.0,0.084,0.095,0.133,0.16,0.09,0.195,0.05,0.075,0.0,0.0,0.075,0.03,0.075,0.068,0.11,0.245,0.1,0.0,0.0,0.0,0.0,0.0,0.0,0.0,0.0,0.0,0.0,0.028,0.0,0.0,0.0,0.0232,0.002
0.0,0.0,0.0,0.0,6.0,0.8,0.0,0.7,0.0,0.0,0.0,0.7,0.88,0.86,0.86,0.8,0.0,0.6,0.76,0.88,0.0,0.082,0.674,0.0,0.0,0.08,0.0,0.084,0.0,0.0,0.0,0.084,0.095,0.133,0.16,0.09,0.195,0.05,0.075,0.0,0.0,0.075,0.03,0.075,0.068,0.11,0.245,0.1,0.0,0.0,0.0,0.0,0.0,0.0,0.0,0.0,0.0,0.0,0.028,0.0,0.0,0.0,0.0232,0.002
0.0,0.0,0.0,0.0,11.0,0.8,0.0,0.7,0.0,0.0,0.0,0.7,0.88,0.86,0.86,0.8,0.0,0.6,0.76,0.88,0.0,0.082,0.674,0.0,0.0,0.08,0.0,0.084,0.0,0.0,0.0,0.084,0.095,0.133,0.16,0.09,0.195,0.05,0.075,0.0,0.0,0.075,0.03,0.075,0.068,0.11,0.245,0.1,0.0,0.0,0.0,0.0,0.0,0.0,0.0,0.0,0.0,0.0,0.028,0.0,0.0,0.0,0.0232,0.002
0.0,0.0,0.0,0.0,16.0,0.8,0.0,0.7,0.0,0.0,0.0,0.7,0.88,0.86,0.86,0.8,0.0,0.6,0.76,0.88,0.0,0.082,0.674,0.0,0.0,0.08,0.0,0.084,0.0,0.0,0.0,0.084,0.095,0.133,0.16,0.09,0.195,0.05,0.075,0.0,0.0,0.075,0.03,0.075,0.068,0.11,0.245,0.1,0.0,0.0,0.0,0.0,0.0,0.0,0.0,0.0,0.0,0.0,0.028,0.0,0.0,0.0,0.0232,0.002
0.0,0.0,0.0,0.0,21.0,0.8,0.0,0.7,0.0,0.0,0.0,0.7,0.88,0.86,0.86,0.8,0.0,0.6,0.76,0.88,0.0,0.082,0.674,0.0,0.0,0.08,0.0,0.084,0.0,0.0,0.0,0.084,0.095,0.133,0.16,0.09,0.195,0.05,0.075,0.0,0.0,0.075,0.03,0.075,0.068,0.11,0.245,0.1,0.0,0.0,0.0,0.0,0.0,0.0,0.0,0.0,0.0,0.0,0.028,0.0,0.0,0.0,0.0232,0.002
0.0,0.0,0.0,0.0,26.0,0.8,0.0,0.7,0.0,0.0,0.0,0.7,0.88,0.86,0.86,0.8,0.0,0.6,0.76,0.88,0.0,0.082,0.674,0.0,0.0,0.08,0.0,0.084,0.0,0.0,0.0,0.084,0.095,0.133,0.16,0.09,0.195,0.05,0.075,0.0,0.0,0.075,0.03,0.075,0.068,0.11,0.245,0.1,0.0,0.0,0.0,0.0,0.0,0.0,0.0,0.0,0.0,0.0,0.028,0.0,0.0,0.0,0.0232,0.002
0.0,0.0,0.0,0.0,31.0,0.8,0.0,0.7,0.0,0.0,0.0,0.7,0.88,0.86,0.86,0.8,0.0,0.6,0.76,0.88,0.0,0.082,0.674,0.0,0.0,0.08,0.0,0.084,0.0,0.0,0.0,0.084,0.095,0.133,0.16,0.09,0.195,0.05,0.075,0.0,0.0,0.075,0.03,0.075,0.068,0.11,0.245,0.1,0.0,0.0,0.0,0.0,0.0,0.0,0.0,0.0,0.0,0.0,0.028,0.0,0.0,0.0,0.0232,0.002
0.0,0.0,0.0,0.0,36.0,0.8,0.0,0.7,0.0,0.0,0.0,0.7,0.88,0.86,0.86,0.8,0.0,0.6,0.76,0.88,0.0,0.082,0.674,0.0,0.0,0.08,0.0,0.084,0.0,0.0,0.0,0.084,0.095,0.133,0.16,0.09,0.195,0.05,0.075,0.0,0.0,0.075,0.03,0.075,0.068,0.11,0.245,0.1,0.0,0.0,0.0,0.0,0.0,0.0,0.0,0.0,0.0,0.0,0.028,0.0,0.0,0.0,0.0232,0.002
0.0,0.0,0.0,0.0,41.0,0.8,0.0,0.7,0.0,0.0,0.0,0.7,0.88,0.86,0.86,0.8,0.0,0.6,0.76,0.88,0.0,0.082,0.674,0.0,0.0,0.08,0.0,0.084,0.0,0.0,0.0,0.084,0.095,0.133,0.16,0.09,0.195,0.05,0.075,0.0,0.0,0.075,0.03,0.075,0.068,0.11,0.245,0.1,0.0,0.0,0.0,0.0,0.0,0.0,0.0,0.0,0.0,0.0,0.028,0.0,0.0,0.0,0.0232,0.002
0.0,0.0,0.0,0.0,46.0,0.8,0.0,0.7,0.0,0.0,0.0,0.7,0.88,0.86,0.86,0.8,0.0,0.6,0.76,0.88,0.0,0.082,0.674,0.0,0.0,0.08,0.0,0.084,0.0,0.0,0.0,0.084,0.095,0.133,0.16,0.09,0.195,0.05,0.075,0.0,0.0,0.075,0.03,0.075,0.068,0.11,0.245,0.1,0.0,0.0,0.0,0.0,0.0,0.0,0.0,0.0,0.0,0.0,0.028,0.0,0.0,0.0,0.0232,0.002
0.0,0.0,0.0,0.0,51.0,0.9,0.8,0.7,0.0,0.0,0.0,0.0,0.9,0.88,0.86,0.76,0.76,0.0,0.86,0.86,0.0,0.744,0.686,0.674,0.0,0.104,0.08,0.084,0.0,0.0,0.0,0.0,0.174,0.379,0.095,0.201,0.115,0.296,0.075,0.038,0.0,0.035,0.0,0.015,0.043,0.175,0.266,0.075,0.0,0.0,0.0,0.0,0.0,0.0,0.0,0.0,0.1164,0.015,0.148,0.0,0.064,0.0,0.133,0.0
0.0,0.0,0.0,0.0,56.0,0.9,0.8,0.7,0.0,0.0,0.0,0.0,0.9,0.88,0.86,0.76,0.76,0.0,0.86,0.86,0.0,0.744,0.686,0.674,0.0,0.104,0.08,0.084,0.0,0.0,0.0,0.0,0.174,0.379,0.095,0.201,0.115,0.296,0.075,0.038,0.0,0.035,0.0,0.015,0.043,0.175,0.266,0.075,0.0,0.0,0.0,0.0,0.0,0.0,0.0,0.0,0.1164,0.015,0.148,0.0,0.064,0.0,0.133,0.0
0.0,0.0,0.0,0.0,61.0,0.9,0.8,0.7,0.0,0.0,0.0,0.0,0.9,0.88,0.86,0.76,0.76,0.0,0.86,0.86,0.0,0.744,0.686,0.674,0.0,0.104,0.08,0.084,0.0,0.0,0.0,0.0,0.174,0.379,0.095,0.201,0.115,0.296,0.075,0.038,0.0,0.035,0.0,0.015,0.043,0.175,0.266,0.075,0.0,0.0,0.0,0.0,0.0,0.0,0.0,0.0,0.1164,0.015,0.148,0.0,0.064,0.0,0.133,0.0
0.0,0.0,0.0,0.0,66.0,0.9,0.8,0.7,0.0,0.0,0.0,0.0,0.9,0.88,0.86,0.76,0.76,0.0,0.86,0.86,0.0,0.744,0.686,0.674,0.0,0.104,0.08,0.084,0.0,0.0,0.0,0.0,0.174,0.379,0.095,0.201,0.115,0.296,0.075,0.038,0.0,0.035,0.0,0.015,0.043,0.175,0.266,0.075,0.0,0.0,0.0,0.0,0.0,0.0,0.0,0.0,0.1164,0.015,0.148,0.0,0.064,0.0,0.133,0.0
0.0,0.0,0.0,0.0,71.0,0.9,0.8,0.7,0.0,0.0,0.0,0.0,0.9,0.88,0.86,0.76,0.76,0.0,0.86,0.86,0.0,0.744,0.686,0.674,0.0,0.104,0.08,0.084,0.0,0.0,0.0,0.0,0.174,0.379,0.095,0.201,0.115,0.296,0.075,0.038,0.0,0.035,0.0,0.015,0.043,0.175,0.266,0.075,0.0,0.0,0.0,0.0,0.0,0.0,0.0,0.0,0.1164,0.015,0.148,0.0,0.064,0.0,0.133,0.0
0.0,0.0,0.0,0.0,76.0,0.9,0.8,0.7,0.0,0.0,0.0,0.0,0.9,0.88,0.86,0.76,0.76,0.0,0.86,0.86,0.0,0.744,0.686,0.674,0.0,0.104,0.08,0.084,0.0,0.0,0.0,0.0,0.174,0.379,0.095,0.201,0.115,0.296,0.075,0.038,0.0,0.035,0.0,0.015,0.043,0.175,0.266,0.075,0.0,0.0,0.0,0.0,0.0,0.0,0.0,0.0,0.1164,0.015,0.148,0.0,0.064,0.0,0.133,0.0
0.0,0.0,0.0,0.0,81.0,0.9,0.8,0.7,0.0,0.0,0.0,0.0,0.9,0.88,0.86,0.76,0.76,0.0,0.86,0.86,0.0,0.744,0.686,0.674,0.0,0.104,0.08,0.084,0.0,0.0,0.0,0.0,0.174,0.379,0.095,0.201,0.115,0.296,0.075,0.038,0.0,0.035,0.0,0.015,0.043,0.175,0.266,0.075,0.0,0.0,0.0,0.0,0.0,0.0,0.0,0.0,0.1164,0.015,0.148,0.0,0.064,0.0,0.133,0.0
0.0,0.0,0.0,0.0,86.0,0.9,0.8,0.7,0.0,0.0,0.0,0.0,0.9,0.88,0.86,0.76,0.76,0.0,0.86,0.86,0.0,0.744,0.686,0.674,0.0,0.104,0.08,0.084,0.0,0.0,0.0,0.0,0.174,0.379,0.095,0.201,0.115,0.296,0.075,0.038,0.0,0.035,0.0,0.015,0.043,0.175,0.266,0.075,0.0,0.0,0.0,0.0,0.0,0.0,0.0,0.0,0.1164,0.015,0.148,0.0,0.064,0.0,0.133,0.0
0.0,0.0,0.0,0.0,91.0,0.9,0.8,0.7,0.0,0.0,0.0,0.0,0.9,0.88,0.86,0.76,0.76,0.0,0.86,0.86,0.0,0.744,0.686,0.674,0.0,0.104,0.08,0.084,0.0,0.0,0.0,0.0,0.174,0.379,0.095,0.201,0.115,0.296,0.075,0.038,0.0,0.035,0.0,0.015,0.043,0.175,0.266,0.075,0.0,0.0,0.0,0.0,0.0,0.0,0.0,0.0,0.1164,0.015,0.148,0.0,0.064,0.0,0.133,0.0
0.0,0.0,0.0,0.0,96.0,0.9,0.8,0.7,0.0,0.0,0.0,0.0,0.9,0.88,0.86,0.76,0.76,0.0,0.86,0.86,0.0,0.744,0.686,0.674,0.0,0.104,0.08,0.084,0.0,0.0,0.0,0.0,0.174,0.379,0.095,0.201,0.115,0.296,0.075,0.038,0.0,0.035,0.0,0.015,0.043,0.175,0.266,0.075,0.0,0.0,0.0,0.0,0.0,0.0,0.0,0.0,0.1164,0.015,0.148,0.0,0.064,0.0,0.133,0.0
0.0,0.0,0.0,0.0,101.0,0.9,0.8,0.8,0.7,0.7,0.7,0.7,0.9,0.88,0.88,0.88,0.88,0.78,0.88,0.86,0.518,0.752,0.672,0.674,0.674,0.09,0.08,0.08,0.084,0.084,0.084,0.084,0.175,0.467,0.197,0.055,0.245,0.661,0.31,0.137,0.04,0.461,0.14,0.037,0.014,0.355,0.204,0.1,0.0808,0.0,0.105,0.0,0.055,0.0,0.07,0.0,0.1156,0.013,0.1466,0.0,0.093,0.0,0.109,0.0
0.0,0.0,0.0,0.0,106.0,0.9,0.8,0.8,0.7,0.7,0.7,0.7,0.9,0.88,0.88,0.88,0.88,0.78,0.88,0.86,0.518,0.752,0.672,0.674,0.674,0.09,0.08,0.08,0.084,0.084,0.084,0.084,0.175,0.467,0.197,0.055,0.245,0.661,0.31,0.137,0.04,0.461,0.14,0.037,0.014,0.355,0.204,0.1,0.0808,0.0,0.105,0.0,0.055,0.0,0.07,0.0,0.1156,0.013,0.1466,0.0,0.093,0.0,0.109,0.0
0.0,0.0,0.0,0.0,111.0,0.9,0.8,0.8,0.7,0.7,0.7,0.7,0.9,0.88,0.88,0.88,0.88,0.78,0.88,0.86,0.518,0.752,0.672,0.674,0.674,0.09,0.08,0.08,0.084,0.084,0.084,0.084,0.175,0.467,0.197,0.055,0.245,0.661,0.31,0.137,0.04,0.461,0.14,0.037,0.014,0.355,0.204,0.1,0.0808,0.0,0.105,0.0,0.055,0.0,0.07,0.0,0.1156,0.013,0.1466,0.0,0.093,0.0,0.109,0.0
0.0,0.0,0.0,0.0,116.0,0.9,0.8,0.8,0.7,0.7,0.7,0.7,0.9,0.88,0.88,0.88,0.88,0.78,0.88,0.86,0.518,0.752,0.672,0.674,0.674,0.09,0.08,0.08,0.084,0.084,0.084,0.084,0.175,0.467,0.197,0.055,0.245,0.661,0.31,0.137,0.04,0.461,0.14,0.037,0.014,0.355,0.204,0.1,0.0808,0.0,0.105,0.0,0.055,0.0,0.07,0.0,0.1156,0.013,0.1466,0.0,0.093,0.0,0.109,0.0
0.0,0.0,0.0,0.0,121.0,0.9,0.8,0.8,0.7,0.7,0.7,0.7,0.9,0.88,0.88,0.88,0.88,0.78,0.88,0.86,0.518,0.752,0.672,0.674,0.674,0.09,0.08,0.08,0.084,0.084,0.084,0.084,0.175,0.467,0.197,0.055,0.245,0.661,0.31,0.137,0.04,0.461,0.14,0.037,0.014,0.355,0.204,0.1,0.0808,0.0,0.105,0.0,0.055,0.0,0.07,0.0,0.1156,0.013,0.1466,0.0,0.093,0.0,0.109,0.0
0.0,0.0,0.0,0.0,126.0,0.9,0.8,0.8,0.7,0.7,0.7,0.7,0.9,0.88,0.88,0.88,0.88,0.78,0.88,0.86,0.518,0.752,0.672,0.674,0.674,0.09,0.08,0.08,0.084,0.084,0.084,0.084,0.175,0.467,0.197,0.055,0.245,0.661,0.31,0.137,0.04,0.461,0.14,0.037,0.014,0.355,0.204,0.1,0.0808,0.0,0.105,0.0,0.055,0.0,0.07,0.0,0.1156,0.013,0.1466,0.0,0.093,0.0,0.109,0.0
0.0,0.0,0.0,0.0,131.0,0.9,0.8,0.8,0.7,0.7,0.7,0.7,0.9,0.88,0.88,0.88,0.88,0.78,0.88,0.86,0.518,0.752,0.672,0.674,0.674,0.09,0.08,0.08,0.084,0.084,0.084,0.084,0.175,0.467,0.197,0.055,0.245,0.661,0.31,0.137,0.04,0.461,0.14,0.037,0.014,0.355,0.204,0.1,0.0808,0.0,0.105,0.0,0.055,0.0,0.07,0.0,0.1156,0.013,0.1466,0.0,0.093,0.0,0.109,0.0
0.0,0.0,0.0,0.0,136.0,0.9,0.8,0.8,0.7,0.7,0.7,0.7,0.9,0.88,0.88,0.88,0.88,0.78,0.88,0.86,0.518,0.752,0.672,0.674,0.674,0.09,0.08,0.08,0.084,0.084,0.084,0.084,0.175,0.467,0.197,0.055,0.245,0.661,0.31,0.137,0.04,0.461,0.14,0.037,0.014,0.355,0.204,0.1,0.0808,0.0,0.105,0.0,0.055,0.0,0.07,0.0,0.1156,0.013,0.1466,0.0,0.093,0.0,0.109,0.0
0.0,0.0,0.0,0.0,141.0,0.9,0.8,0.8,0.7,0.7,0.7,0.7,0.9,0.88,0.88,0.88,0.88,0.78,0.88,0.86,0.518,0.752,0.672,0.674,0.674,0.09,0.08,0.08,0.084,0.084,0.084,0.084,0.175,0.467,0.197,0.055,0.245,0.661,0.31,0.137,0.04,0.461,0.14,0.037,0.014,0.355,0.204,0.1,0.0808,0.0,0.105,0.0,0.055,0.0,0.07,0.0,0.1156,0.013,0.1466,0.0,0.093,0.0,0.109,0.0
0.0,0.0,0.0,0.0,146.0,0.9,0.8,0.8,0.7,0.7,0.7,0.7,0.9,0.88,0.88,0.88,0.88,0.78,0.88,0.86,0.518,0.752,0.672,0.674,0.674,0.09,0.08,0.08,0.084,0.084,0.084,0.084,0.175,0.467,0.197,0.055,0.245,0.661,0.31,0.137,0.04,0.461,0.14,0.037,0.014,0.355,0.204,0.1,0.0808,0.0,0.105,0.0,0.055,0.0,0.07,0.0,0.1156,0.013,0.1466,0.0,0.093,0.0,0.109,0.0
0.0,0.0,0.0,0.0,151.0,0.0,0.0,0.0,0.0,0.0,0.0,0.0,0.0,0.0,0.0,0.0,0.0,0.0,0.0,0.0,0.0,0.0,0.0,0.0,0.0,0.0,0.0,0.0,0.0,0.0,0.0,0.0,0.0,0.0,0.0,0.0,0.0,0.0,0.0,0.0,0.0,0.0,0.0,0.0,0.0,0.0,0.0,0.0,0.0,0.0,0.0,0.0,0.0,0.0,0.0,0.0,0.0,0.0,0.0,0.0,0.0,0.0,0.0,0.0
0.0,0.0,0.0,0.0,201.0,0.8,0.0,0.7,0.0,0.0,0.0,0.7,0.88,0.86,0.86,0.8,0.0,0.6,0.76,0.88,0.0,0.082,0.674,0.0,0.0,0.08,0.0,0.084,0.0,0.0,0.0,0.084,0.095,0.133,0.16,0.09,0.195,0.05,0.075,0.0,0.0,0.075,0.03,0.075,0.068,0.11,0.245,0.1,0.0,0.0,0.0,0.0,0.0,0.0,0.0,0.0,0.0,0.0,0.028,0.0,0.0,0.0,0.0232,0.002
0.0,0.0,0.0,0.0,206.0,0.8,0.0,0.7,0.0,0.0,0.0,0.7,0.88,0.86,0.86,0.8,0.0,0.6,0.76,0.88,0.0,0.082,0.674,0.0,0.0,0.08,0.0,0.084,0.0,0.0,0.0,0.084,0.095,0.133,0.16,0.09,0.195,0.05,0.075,0.0,0.0,0.075,0.03,0.075,0.068,0.11,0.245,0.1,0.0,0.0,0.0,0.0,0.0,0.0,0.0,0.0,0.0,0.0,0.028,0.0,0.0,0.0,0.0232,0.002
0.0,0.0,0.0,0.0,211.0,0.8,0.0,0.7,0.0,0.0,0.0,0.7,0.88,0.86,0.86,0.8,0.0,0.6,0.76,0.88,0.0,0.082,0.674,0.0,0.0,0.08,0.0,0.084,0.0,0.0,0.0,0.084,0.095,0.133,0.16,0.09,0.195,0.05,0.075,0.0,0.0,0.075,0.03,0.075,0.068,0.11,0.245,0.1,0.0,0.0,0.0,0.0,0.0,0.0,0.0,0.0,0.0,0.0,0.028,0.0,0.0,0.0,0.0232,0.002
0.0,0.0,0.0,0.0,216.0,0.8,0.0,0.7,0.0,0.0,0.0,0.7,0.88,0.86,0.86,0.8,0.0,0.6,0.76,0.88,0.0,0.082,0.674,0.0,0.0,0.08,0.0,0.084,0.0,0.0,0.0,0.084,0.095,0.133,0.16,0.09,0.195,0.05,0.075,0.0,0.0,0.075,0.03,0.075,0.068,0.11,0.245,0.1,0.0,0.0,0.0,0.0,0.0,0.0,0.0,0.0,0.0,0.0,0.028,0.0,0.0,0.0,0.0232,0.002
0.0,0.0,0.0,0.0,221.0,0.8,0.0,0.7,0.0,0.0,0.0,0.7,0.88,0.86,0.86,0.8,0.0,0.6,0.76,0.88,0.0,0.082,0.674,0.0,0.0,0.08,0.0,0.084,0.0,0.0,0.0,0.084,0.095,0.133,0.16,0.09,0.195,0.05,0.075,0.0,0.0,0.075,0.03,0.075,0.068,0.11,0.245,0.1,0.0,0.0,0.0,0.0,0.0,0.0,0.0,0.0,0.0,0.0,0.028,0.0,0.0,0.0,0.0232,0.002
0.0,0.0,0.0,0.0,226.0,0.8,0.0,0.7,0.0,0.0,0.0,0.7,0.88,0.86,0.86,0.8,0.0,0.6,0.76,0.88,0.0,0.082,0.674,0.0,0.0,0.08,0.0,0.084,0.0,0.0,0.0,0.084,0.095,0.133,0.16,0.09,0.195,0.05,0.075,0.0,0.0,0.075,0.03,0.075,0.068,0.11,0.245,0.1,0.0,0.0,0.0,0.0,0.0,0.0,0.0,0.0,0.0,0.0,0.028,0.0,0.0,0.0,0.0232,0.002
0.0,0.0,0.0,0.0,231.0,0.8,0.0,0.7,0.0,0.0,0.0,0.7,0.88,0.86,0.86,0.8,0.0,0.6,0.76,0.88,0.0,0.082,0.674,0.0,0.0,0.08,0.0,0.084,0.0,0.0,0.0,0.084,0.095,0.133,0.16,0.09,0.195,0.05,0.075,0.0,0.0,0.075,0.03,0.075,0.068,0.11,0.245,0.1,0.0,0.0,0.0,0.0,0.0,0.0,0.0,0.0,0.0,0.0,0.028,0.0,0.0,0.0,0.0232,0.002
0.0,0.0,0.0,0.0,236.0,0.8,0.0,0.7,0.0,0.0,0.0,0.7,0.88,0.86,0.86,0.8,0.0,0.6,0.76,0.88,0.0,0.082,0.674,0.0,0.0,0.08,0.0,0.084,0.0,0.0,0.0,0.084,0.095,0.133,0.16,0.09,0.195,0.05,0.075,0.0,0.0,0.075,0.03,0.075,0.068,0.11,0.245,0.1,0.0,0.0,0.0,0.0,0.0,0.0,0.0,0.0,0.0,0.0,0.028,0.0,0.0,0.0,0.0232,0.002
0.0,0.0,0.0,0.0,241.0,0.8,0.0,0.7,0.0,0.0,0.0,0.7,0.88,0.86,0.86,0.8,0.0,0.6,0.76,0.88,0.0,0.082,0.674,0.0,0.0,0.08,0.0,0.084,0.0,0.0,0.0,0.084,0.095,0.133,0.16,0.09,0.195,0.05,0.075,0.0,0.0,0.075,0.03,0.075,0.068,0.11,0.245,0.1,0.0,0.0,0.0,0.0,0.0,0.0,0.0,0.0,0.0,0.0,0.028,0.0,0.0,0.0,0.0232,0.002
0.0,0.0,0.0,0.0,246.0,0.8,0.0,0.7,0.0,0.0,0.0,0.7,0.88,0.86,0.86,0.8,0.0,0.6,0.76,0.88,0.0,0.082,0.674,0.0,0.0,0.08,0.0,0.084,0.0,0.0,0.0,0.084,0.095,0.133,0.16,0.09,0.195,0.05,0.075,0.0,0.0,0.075,0.03,0.075,0.068,0.11,0.245,0.1,0.0,0.0,0.0,0.0,0.0,0.0,0.0,0.0,0.0,0.0,0.028,0.0,0.0,0.0,0.0232,0.002
0.0,0.0,0.0,0.0,250.0,0.8,0.7,0.7,0.0,0.0,0.0,0.7,0.88,0.86,0.88,0.8,0.0,0.6,0.76,0.88,0.0,0.39,0.998,0.0,0.0,0.08,0.084,0.084,0.0,0.0,0.0,0.084,0.095,0.295,0.195,0.091,0.195,0.82,0.075,0.0,0.0,0.075,0.03,0.075,0.068,0.11,0.245,0.1,0.0,0.0,0.0,0.0,0.0,0.0,0.0,0.0,0.0308,0.0,0.182,0.0,0.0,0.0,0.0232,0.002
0.0,0.0,0.0,0.0,251.0,0.9,0.7,0.7,0.0,0.0,0.0,0.0,0.9,0.86,0.86,0.18,0.0,0.0,0.8,0.84,0.0,0.526,0.998,0.0,0.0,0.09,0.084,0.084,0.0,0.0,0.0,0.0,0.35,0.417,0.595,0.059,0.0,0.999,0.0,0.0,0.0,0.0,0.0,0.0,0.04,0.025,0.267,0.0,0.0,0.0,0.0,0.0,0.0,0.0,0.0,0.0,0.0906,0.0,0.19,0.0,0.02,0.0,0.015,0.0
0.0,0.0,0.0,0.0,255.0,0.9,0.5,0.7,0.0,0.0,0.0,0.0,0.9,0.86,0.88,0.74,0.0,0.0,0.8,0.84,0.0,0.458,0.984,0.0,0.0,0.09,0.06,0.084,0.0,0.0,0.0,0.0,0.35,0.41,0.585,0.088,0.0,0.997,0.0,0.0,0.0,0.0,0.0,0.0,0.04,0.025,0.267,0.0,0.0,0.0,0.0,0.0,0.0,0.0,0.0,0.0,0.0838,0.0,0.156,0.0,0.02,0.0,0.015,0.0
0.0,0.0,0.0,0.0,256.0,0.8,0.6,0.7,0.0,0.0,0.0,0.0,0.86,0.86,0.88,0.76,0.0,0.0,0.66,0.72,0.0,0.498,0.998,0.0,0.0,0.08,0.072,0.084,0.0,0.0,0.0,0.0,0.3,0.387,0.545,0.089,0.0,0.998,0.0,0.0,0.0,0.0,0.0,0.0,0.033,0.06,0.189,0.0,0.0,0.0,0.0,0.0,0.0,0.0,0.0,0.0,0.0798,0.0,0.204,0.0,0.015,0.0,0.0,0.0
0.0,0.0,0.0,0.0,260.0,0.8,0.5,0.7,0.0,0.0,0.0,0.0,0.86,0.86,0.88,0.74,0.0,0.0,0.66,0.72,0.0,0.5,0.996,0.0,0.0,0.08,0.06,0.084,0.0,0.0,0.0,0.0,0.3,0.386,0.54,0.088,0.0,0.997,0.0,0.0,0.0,0.0,0.0,0.0,0.033,0.06,0.189,0.0,0.0,0.0,0.0,0.0,0.0,0.0,0.0,0.0,0.08,0.0,0.205,0.0,0.015,0.0,0.0,0.0
0.0,0.0,0.0,0.0,261.0,0.8,0.5,0.7,0.0,0.0,0.0,0.0,0.82,0.84,0.72,0.74,0.0,0.0,0.0,0.66,0.0,0.596,0.998,0.0,0.0,0.08,0.06,0.084,0.0,0.0,0.0,0.0,0.295,0.425,0.53,0.08,0.0,0.997,0.0,0.0,0.0,0.15,0.0,0.0,0.0,0.0,0.133,0.015,0.0,0.0,0.0,0.0,0.0,0.0,0.0,0.0,0.0596,0.0,0.244,0.0,0.04,0.0,0.014,0.0
0.0,0.0,0.0,0.0,265.0,0.9,0.1,0.7,0.0,0.0,0.0,0.0,0.9,0.86,0.86,0.74,0.32,0.0,0.0,0.84,0.0,0.53,0.998,0.0,0.0,0.09,0.012,0.084,0.0,0.0,0.0,0.0,0.3,0.422,0.515,0.103,0.0,0.373,0.045,0.016,0.0,0.15,0.0,0.0,0.0,0.0,0.187,0.015,0.0,0.0,0.0,0.0,0.0,0.0,0.0,0.0,0.054,0.0,0.165,0.0,0.055,0.0,0.044,0.0
0.0,0.0,0.0,0.0,266.0,0.8,0.0,0.0,0.0,0.0,0.0,0.0,0.86,0.68,0.7,0.74,0.74,0.0,0.74,0.64,0.0,0.488,0.998,0.0,0.0,0.08,0.0,0.0,0.0,0.0,0.0,0.0,0.15,0.542,0.14,0.134,0.085,0.244,0.045,0.037,0.0,0.07,0.0,0.0,0.037,0.04,0.139,0.14,0.0,0.0,0.0,0.0,0.0,0.0,0.0,0.0,0.0688,0.0,0.119,0.0,0.059,0.0,0.046,0.0
0.0,0.0,0.0,0.0,270.0,0.8,0.0,0.0,0.0,0.0,0.0,0.0,0.84,0.86,0.66,0.56,0.42,0.0,0.86,0.86,0.0,0.492,0.998,0.0,0.0,0.08,0.0,0.0,0.0,0.0,0.0,0.0,0.145,0.551,0.175,0.107,0.085,0.119,0.0,0.021,0.0,0.07,0.0,0.0,0.043,0.235,0.136,0.145,0.0,0.0,0.0,0.0,0.0,0.0,0.0,0.0,0.0882,0.0,0.103,0.0,0.059,0.0,0.045,0.0
0.0,0.0,0.0,0.0,271.0,0.8,0.0,0.0,0.0,0.0,0.0,0.0,0.86,0.86,0.7,0.74,0.52,0.0,0.86,0.86,0.0,0.458,0.998,0.0,0.0,0.08,0.0,0.0,0.0,0.0,0.0,0.0,0.09,0.391,0.205,0.103,0.105,0.093,0.02,0.026,0.0,0.0,0.0,0.0,0.043,0.235,0.22,0.095,0.0,0.0,0.0,0.0,0.0,0.0,0.0,0.0,0.08,0.0,0.087,0.0,0.045,0.0,0.0628,0.0
0.0,0.0,0.0,0.0,275.0,0.8,0.0,0.0,0.0,0.0,0.0,0.0,0.86,0.68,0.72,0.74,0.74,0.0,0.74,0.74,0.0,0.476,0.998,0.0,0.0,0.08,0.0,0.0,0.0,0.0,0.0,0.0,0.095,0.374,0.17,0.115,0.105,0.209,0.04,0.037,0.0,0.0,0.0,0.0,0.037,0.04,0.237,0.09,0.0,0.0,0.0,0.0,0.0,0.0,0.0,0.0,0.071,0.0,0.109,0.0,0.045,0.0,0.0606,0.0
0.0,0.0,0.0,0.0,276.0,0.9,0.0,0.0,0.0,0.0,0.0,0.0,0.9,0.86,0.86,0.76,0.6,0.0,0.7,0.86,0.0,0.444,0.998,0.0,0.0,0.09,0.0,0.0,0.0,0.0,0.0,0.0,0.08,0.397,0.13,0.098,0.145,0.23,0.02,0.03,0.0,0.075,0.0,0.075,0.035,0.125,0.172,0.08,0.0,0.0,0.0,0.0,0.0,0.0,0.0,0.0,0.0572,0.0,0.107,0.0026,0.045,0.0,0.0598,0.0
0.0,0.0,0.0,0.0,280.0,0.8,0.0,0.0,0.0,0.0,0.0,0.0,0.84,0.84,0.7,0.4,0.5,0.0,0.7,0.68,0.0,0.276,0.742,0.0,0.0,0.08,0.0,0.0,0.0,0.0,0.0,0.0,0.075,0.275,0.125,0.067,0.145,0.102,0.0,0.025,0.0,0.1,0.0,0.075,0.035,0.125,0.109,0.08,0.0,0.0,0.0,0.0,0.0,0.0,0.0,0.0,0.0312,0.0,0.059,0.0026,0.035,0.0,0.043,0.0
0.0,0.0,0.0,0.0,281.0,0.9,0.0,0.6,0.0,0.0,0.0,0.7,0.9,0.86,0.86,0.8,0.12,0.54,0.78,0.88,0.0,0.124,0.724,0.0,0.0,0.09,0.0,0.072,0.0,0.0,0.0,0.084,0.08,0.153,0.145,0.095,0.205,0.086,0.075,0.006,0.0,0.1,0.027,0.09,0.171,0.225,0.219,0.095,0.0,0.0,0.0,0.0,0.0,0.0,0.0,0.0,0.003,0.0,0.032,0.0,0.005,0.0,0.0384,0.004
0.0,0.0,0.0,0.0,285.0,0.9,0.0,0.6,0.0,0.0,0.0,0.7,0.9,0.86,0.86,0.8,0.0,0.54,0.78,0.78,0.0,0.094,0.672,0.0,0.0,0.09,0.0,0.072,0.0,0.0,0.0,0.084,0.08,0.132,0.145,0.089,0.205,0.08,0.075,0.0,0.0,0.075,0.027,0.09,0.171,0.225,0.214,0.095,0.0,0.0,0.0,0.0,0.0,0.0,0.0,0.0,0.0,0.0,0.032,0.0,0.0,0.0,0.0284,0.004
0.0,0.0,0.0,0.0,286.0,0.8,0.0,0.7,0.0,0.0,0.0,0.7,0.88,0.86,0.86,0.8,0.0,0.6,0.76,0.88,0.0,0.082,0.674,0.0,0.0,0.08,0.0,0.084,0.0,0.0,0.0,0.084,0.095,0.133,0.16,0.09,0.195,0.05,0.075,0.0,0.0,0.075,0.03,0.075,0.068,0.11,0.245,0.1,0.0,0.0,0.0,0.0,0.0,0.0,0.0,0.0,0.0,0.0,0.028,0.0,0.0,0.0,0.0232,0.002
0.0,0.0,0.0,0.0,291.0,0.8,0.0,0.7,0.0,0.0,0.0,0.7,0.88,0.86,0.86,0.8,0.0,0.6,0.76,0.88,0.0,0.082,0.674,0.0,0.0,0.08,0.0,0.084,0.0,0.0,0.0,0.084,0.095,0.133,0.16,0.09,0.195,0.05,0.075,0.0,0.0,0.075,0.03,0.075,0.068,0.11,0.245,0.1,0.0,0.0,0.0,0.0,0.0,0.0,0.0,0.0,0.0,0.0,0.028,0.0,0.0,0.0,0.0232,0.002
0.0,0.0,0.0,0.0,296.0,0.8,0.0,0.7,0.0,0.0,0.0,0.7,0.88,0.86,0.86,0.8,0.0,0.6,0.76,0.88,0.0,0.082,0.674,0.0,0.0,0.08,0.0,0.084,0.0,0.0,0.0,0.084,0.095,0.133,0.16,0.09,0.195,0.05,0.075,0.0,0.0,0.075,0.03,0.075,0.068,0.11,0.245,0.1,0.0,0.0,0.0,0.0,0.0,0.0,0.0,0.0,0.0,0.0,0.028,0.0,0.0,0.0,0.0232,0.002
0.0,0.0,0.0,0.0,301.0,0.8,0.0,0.7,0.0,0.0,0.0,0.7,0.88,0.86,0.86,0.8,0.0,0.6,0.76,0.88,0.0,0.082,0.674,0.0,0.0,0.08,0.0,0.084,0.0,0.0,0.0,0.084,0.095,0.133,0.16,0.09,0.195,0.05,0.075,0.0,0.0,0.075,0.03,0.075,0.068,0.11,0.245,0.1,0.0,0.0,0.0,0.0,0.0,0.0,0.0,0.0,0.0,0.0,0.028,0.0,0.0,0.0,0.0232,0.002
0.0,0.0,0.0,0.0,306.0,0.8,0.0,0.7,0.0,0.0,0.0,0.7,0.88,0.86,0.86,0.8,0.0,0.6,0.76,0.88,0.0,0.082,0.674,0.0,0.0,0.08,0.0,0.084,0.0,0.0,0.0,0.084,0.095,0.133,0.16,0.09,0.195,0.05,0.075,0.0,0.0,0.075,0.03,0.075,0.068,0.11,0.245,0.1,0.0,0.0,0.0,0.0,0.0,0.0,0.0,0.0,0.0,0.0,0.028,0.0,0.0,0.0,0.0232,0.002
0.0,0.0,0.0,0.0,311.0,0.8,0.0,0.7,0.0,0.0,0.0,0.7,0.88,0.86,0.86,0.8,0.0,0.6,0.76,0.88,0.0,0.082,0.674,0.0,0.0,0.08,0.0,0.084,0.0,0.0,0.0,0.084,0.095,0.133,0.16,0.09,0.195,0.05,0.075,0.0,0.0,0.075,0.03,0.075,0.068,0.11,0.245,0.1,0.0,0.0,0.0,0.0,0.0,0.0,0.0,0.0,0.0,0.0,0.028,0.0,0.0,0.0,0.0232,0.002
0.0,0.0,0.0,0.0,316.0,0.8,0.0,0.7,0.0,0.0,0.0,0.7,0.88,0.86,0.86,0.8,0.0,0.6,0.76,0.88,0.0,0.082,0.674,0.0,0.0,0.08,0.0,0.084,0.0,0.0,0.0,0.084,0.095,0.133,0.16,0.09,0.195,0.05,0.075,0.0,0.0,0.075,0.03,0.075,0.068,0.11,0.245,0.1,0.0,0.0,0.0,0.0,0.0,0.0,0.0,0.0,0.0,0.0,0.028,0.0,0.0,0.0,0.0232,0.002
0.0,0.0,0.0,0.0,321.0,0.8,0.0,0.7,0.0,0.0,0.0,0.7,0.88,0.86,0.86,0.8,0.0,0.6,0.76,0.88,0.0,0.082,0.674,0.0,0.0,0.08,0.0,0.084,0.0,0.0,0.0,0.084,0.095,0.133,0.16,0.09,0.195,0.05,0.075,0.0,0.0,0.075,0.03,0.075,0.068,0.11,0.245,0.1,0.0,0.0,0.0,0.0,0.0,0.0,0.0,0.0,0.0,0.0,0.028,0.0,0.0,0.0,0.0232,0.002
0.0,0.0,0.0,0.0,326.0,0.8,0.0,0.7,0.0,0.0,0.0,0.7,0.88,0.86,0.86,0.8,0.0,0.6,0.76,0.88,0.0,0.082,0.674,0.0,0.0,0.08,0.0,0.084,0.0,0.0,0.0,0.084,0.095,0.133,0.16,0.09,0.195,0.05,0.075,0.0,0.0,0.075,0.03,0.075,0.068,0.11,0.245,0.1,0.0,0.0,0.0,0.0,0.0,0.0,0.0,0.0,0.0,0.0,0.028,0.0,0.0,0.0,0.0232,0.002
0.0,0.0,0.0,0.0,331.0,0.8,0.0,0.7,0.0,0.0,0.0,0.7,0.88,0.86,0.86,0.8,0.0,0.6,0.76,0.88,0.0,0.082,0.674,0.0,0.0,0.08,0.0,0.084,0.0,0.0,0.0,0.084,0.095,0.133,0.16,0.09,0.195,0.05,0.075,0.0,0.0,0.075,0.03,0.075,0.068,0.11,0.245,0.1,0.0,0.0,0.0,0.0,0.0,0.0,0.0,0.0,0.0,0.0,0.028,0.0,0.0,0.0,0.0232,0.002
0.0,0.0,0.0,0.0,336.0,0.8,0.0,0.7,0.0,0.0,0.0,0.7,0.88,0.86,0.86,0.8,0.0,0.6,0.76,0.88,0.0,0.082,0.674,0.0,0.0,0.08,0.0,0.084,0.0,0.0,0.0,0.084,0.095,0.133,0.16,0.09,0.195,0.05,0.075,0.0,0.0,0.075,0.03,0.075,0.068,0.11,0.245,0.1,0.0,0.0,0.0,0.0,0.0,0.0,0.0,0.0,0.0,0.0,0.028,0.0,0.0,0.0,0.0232,0.002
0.0,0.0,0.0,0.0,341.0,0.8,0.0,0.7,0.0,0.0,0.0,0.7,0.88,0.86,0.86,0.8,0.0,0.6,0.76,0.88,0.0,0.082,0.674,0.0,0.0,0.08,0.0,0.084,0.0,0.0,0.0,0.084,0.095,0.133,0.16,0.09,0.195,0.05,0.075,0.0,0.0,0.075,0.03,0.075,0.068,0.11,0.245,0.1,0.0,0.0,0.0,0.0,0.0,0.0,0.0,0.0,0.0,0.0,0.028,0.0,0.0,0.0,0.0232,0.002
0.0,0.0,0.0,0.0,346.0,0.8,0.0,0.7,0.0,0.0,0.0,0.7,0.88,0.86,0.86,0.8,0.0,0.6,0.76,0.88,0.0,0.082,0.674,0.0,0.0,0.08,0.0,0.084,0.0,0.0,0.0,0.084,0.095,0.133,0.16,0.09,0.195,0.05,0.075,0.0,0.0,0.075,0.03,0.075,0.068,0.11,0.245,0.1,0.0,0.0,0.0,0.0,0.0,0.0,0.0,0.0,0.0,0.0,0.028,0.0,0.0,0.0,0.0232,0.002
0.0,0.0,0.0,0.0,351.0,0.8,0.0,0.7,0.0,0.0,0.0,0.7,0.88,0.86,0.86,0.8,0.0,0.6,0.76,0.88,0.0,0.082,0.674,0.0,0.0,0.08,0.0,0.084,0.0,0.0,0.0,0.084,0.095,0.133,0.16,0.09,0.195,0.05,0.075,0.0,0.0,0.075,0.03,0.075,0.068,0.11,0.245,0.1,0.0,0.0,0.0,0.0,0.0,0.0,0.0,0.0,0.0,0.0,0.028,0.0,0.0,0.0,0.0232,0.002
0.0,0.0,0.0,0.0,356.0,0.8,0.0,0.7,0.0,0.0,0.0,0.7,0.88,0.86,0.86,0.8,0.0,0.6,0.76,0.88,0.0,0.082,0.674,0.0,0.0,0.08,0.0,0.084,0.0,0.0,0.0,0.084,0.095,0.133,0.16,0.09,0.195,0.05,0.075,0.0,0.0,0.075,0.03,0.075,0.068,0.11,0.245,0.1,0.0,0.0,0.0,0.0,0.0,0.0,0.0,0.0,0.0,0.0,0.028,0.0,0.0,0.0,0.0232,0.002
0.0,0.0,0.0,0.0,361.0,0.8,0.0,0.7,0.0,0.0,0.0,0.7,0.88,0.86,0.86,0.8,0.0,0.6,0.76,0.88,0.0,0.082,0.674,0.0,0.0,0.08,0.0,0.084,0.0,0.0,0.0,0.084,0.095,0.133,0.16,0.09,0.195,0.05,0.075,0.0,0.0,0.075,0.03,0.075,0.068,0.11,0.245,0.1,0.0,0.0,0.0,0.0,0.0,0.0,0.0,0.0,0.0,0.0,0.028,0.0,0.0,0.0,0.0232,0.002
0.0,0.0,0.0,0.0,366.0,0.8,0.0,0.7,0.0,0.0,0.0,0.7,0.88,0.86,0.86,0.8,0.0,0.6,0.76,0.88,0.0,0.082,0.674,0.0,0.0,0.08,0.0,0.084,0.0,0.0,0.0,0.084,0.095,0.133,0.16,0.09,0.195,0.05,0.075,0.0,0.0,0.075,0.03,0.075,0.068,0.11,0.245,0.1,0.0,0.0,0.0,0.0,0.0,0.0,0.0,0.0,0.0,0.0,0.028,0.0,0.0,0.0,0.0232,0.002
0.0,0.0,0.0,0.0,371.0,0.8,0.0,0.7,0.0,0.0,0.0,0.7,0.88,0.86,0.86,0.8,0.0,0.6,0.76,0.88,0.0,0.082,0.674,0.0,0.0,0.08,0.0,0.084,0.0,0.0,0.0,0.084,0.095,0.133,0.16,0.09,0.195,0.05,0.075,0.0,0.0,0.075,0.03,0.075,0.068,0.11,0.245,0.1,0.0,0.0,0.0,0.0,0.0,0.0,0.0,0.0,0.0,0.0,0.028,0.0,0.0,0.0,0.0232,0.002
0.0,0.0,0.0,0.0,376.0,0.8,0.0,0.7,0.0,0.0,0.0,0.7,0.88,0.86,0.86,0.8,0.0,0.6,0.76,0.88,0.0,0.082,0.674,0.0,0.0,0.08,0.0,0.084,0.0,0.0,0.0,0.084,0.095,0.133,0.16,0.09,0.195,0.05,0.075,0.0,0.0,0.075,0.03,0.075,0.068,0.11,0.245,0.1,0.0,0.0,0.0,0.0,0.0,0.0,0.0,0.0,0.0,0.0,0.028,0.0,0.0,0.0,0.0232,0.002
0.0,0.0,0.0,0.0,381.0,0.8,0.0,0.7,0.0,0.0,0.0,0.7,0.88,0.86,0.86,0.8,0.0,0.6,0.76,0.88,0.0,0.082,0.674,0.0,0.0,0.08,0.0,0.084,0.0,0.0,0.0,0.084,0.095,0.133,0.16,0.09,0.195,0.05,0.075,0.0,0.0,0.075,0.03,0.075,0.068,0.11,0.245,0.1,0.0,0.0,0.0,0.0,0.0,0.0,0.0,0.0,0.0,0.0,0.028,0.0,0.0,0.0,0.0232,0.002
0.0,0.0,0.0,0.0,386.0,0.8,0.0,0.7,0.0,0.0,0.0,0.7,0.88,0.86,0.86,0.8,0.0,0.6,0.76,0.88,0.0,0.082,0.674,0.0,0.0,0.08,0.0,0.084,0.0,0.0,0.0,0.084,0.095,0.133,0.16,0.09,0.195,0.05,0.075,0.0,0.0,0.075,0.03,0.075,0.068,0.11,0.245,0.1,0.0,0.0,0.0,0.0,0.0,0.0,0.0,0.0,0.0,0.0,0.028,0.0,0.0,0.0,0.0232,0.002
0.0,0.0,0.0,0.0,391.0,0.8,0.0,0.7,0.0,0.0,0.0,0.7,0.88,0.86,0.86,0.8,0.0,0.6,0.76,0.88,0.0,0.082,0.674,0.0,0.0,0.08,0.0,0.084,0.0,0.0,0.0,0.084,0.095,0.133,0.16,0.09,0.195,0.05,0.075,0.0,0.0,0.075,0.03,0.075,0.068,0.11,0.245,0.1,0.0,0.0,0.0,0.0,0.0,0.0,0.0,0.0,0.0,0.0,0.028,0.0,0.0,0.0,0.0232,0.002
0.0,0.0,0.0,0.0,396.0,0.8,0.0,0.7,0.0,0.0,0.0,0.7,0.88,0.86,0.86,0.8,0.0,0.6,0.76,0.88,0.0,0.082,0.674,0.0,0.0,0.08,0.0,0.084,0.0,0.0,0.0,0.084,0.095,0.133,0.16,0.09,0.195,0.05,0.075,0.0,0.0,0.075,0.03,0.075,0.068,0.11,0.245,0.1,0.0,0.0,0.0,0.0,0.0,0.0,0.0,0.0,0.0,0.0,0.028,0.0,0.0,0.0,0.0232,0.002
0.0,0.0,0.0,0.0,401.0,0.9,0.8,0.7,0.0,0.0,0.0,0.0,0.9,0.88,0.86,0.76,0.76,0.0,0.86,0.86,0.0,0.744,0.686,0.674,0.0,0.104,0.08,0.084,0.0,0.0,0.0,0.0,0.174,0.379,0.095,0.201,0.115,0.296,0.075,0.038,0.0,0.035,0.0,0.015,0.043,0.175,0.266,0.075,0.0,0.0,0.0,0.0,0.0,0.0,0.0,0.0,0.1164,0.015,0.148,0.0,0.064,0.0,0.133,0.0
0.0,0.0,0.0,0.0,406.0,0.9,0.8,0.7,0.0,0.0,0.0,0.0,0.9,0.88,0.86,0.76,0.76,0.0,0.86,0.86,0.0,0.744,0.686,0.674,0.0,0.104,0.08,0.084,0.0,0.0,0.0,0.0,0.174,0.379,0.095,0.201,0.115,0.296,0.075,0.038,0.0,0.035,0.0,0.015,0.043,0.175,0.266,0.075,0.0,0.0,0.0,0.0,0.0,0.0,0.0,0.0,0.1164,0.015,0.148,0.0,0.064,0.0,0.133,0.0
0.0,0.0,0.0,0.0,411.0,0.9,0.8,0.7,0.0,0.0,0.0,0.0,0.9,0.88,0.86,0.76,0.76,0.0,0.86,0.86,0.0,0.744,0.686,0.674,0.0,0.104,0.08,0.084,0.0,0.0,0.0,0.0,0.174,0.379,0.095,0.201,0.115,0.296,0.075,0.038,0.0,0.035,0.0,0.015,0.043,0.175,0.266,0.075,0.0,0.0,0.0,0.0,0.0,0.0,0.0,0.0,0.1164,0.015,0.148,0.0,0.064,0.0,0.133,0.0
0.0,0.0,0.0,0.0,416.0,0.9,0.8,0.7,0.0,0.0,0.0,0.0,0.9,0.88,0.86,0.76,0.76,0.0,0.86,0.86,0.0,0.744,0.686,0.674,0.0,0.104,0.08,0.084,0.0,0.0,0.0,0.0,0.174,0.379,0.095,0.201,0.115,0.296,0.075,0.038,0.0,0.035,0.0,0.015,0.043,0.175,0.266,0.075,0.0,0.0,0.0,0.0,0.0,0.0,0.0,0.0,0.1164,0.015,0.148,0.0,0.064,0.0,0.133,0.0
0.0,0.0,0.0,0.0,421.0,0.9,0.8,0.7,0.0,0.0,0.0,0.0,0.9,0.88,0.86,0.76,0.76,0.0,0.86,0.86,0.0,0.744,0.686,0.674,0.0,0.104,0.08,0.084,0.0,0.0,0.0,0.0,0.174,0.379,0.095,0.201,0.115,0.296,0.075,0.038,0.0,0.035,0.0,0.015,0.043,0.175,0.266,0.075,0.0,0.0,0.0,0.0,0.0,0.0,0.0,0.0,0.1164,0.015,0.148,0.0,0.064,0.0,0.133,0.0
0.0,0.0,0.0,0.0,426.0,0.9,0.8,0.7,0.0,0.0,0.0,0.0,0.9,0.88,0.86,0.76,0.76,0.0,0.86,0.86,0.0,0.744,0.686,0.674,0.0,0.104,0.08,0.084,0.0,0.0,0.0,0.0,0.174,0.379,0.095,0.201,0.115,0.296,0.075,0.038,0.0,0.035,0.0,0.015,0.043,0.175,0.266,0.075,0.0,0.0,0.0,0.0,0.0,0.0,0.0,0.0,0.1164,0.015,0.148,0.0,0.064,0.0,0.133,0.0
0.0,0.0,0.0,0.0,431.0,0.9,0.8,0.7,0.0,0.0,0.0,0.0,0.9,0.88,0.86,0.76,0.76,0.0,0.86,0.86,0.0,0.744,0.686,0.674,0.0,0.104,0.08,0.084,0.0,0.0,0.0,0.0,0.174,0.379,0.095,0.201,0.115,0.296,0.075,0.038,0.0,0.035,0.0,0.015,0.043,0.175,0.266,0.075,0.0,0.0,0.0,0.0,0.0,0.0,0.0,0.0,0.1164,0.015,0.148,0.0,0.064,0.0,0.133,0.0
0.0,0.0,0.0,0.0,436.0,0.9,0.8,0.7,0.0,0.0,0.0,0.0,0.9,0.88,0.86,0.76,0.76,0.0,0.86,0.86,0.0,0.744,0.686,0.674,0.0,0.104,0.08,0.084,0.0,0.0,0.0,0.0,0.174,0.379,0.095,0.201,0.115,0.296,0.075,0.038,0.0,0.035,0.0,0.015,0.043,0.175,0.266,0.075,0.0,0.0,0.0,0.0,0.0,0.0,0.0,0.0,0.1164,0.015,0.148,0.0,0.064,0.0,0.133,0.0
0.0,0.0,0.0,0.0,441.0,0.9,0.8,0.7,0.0,0.0,0.0,0.0,0.9,0.88,0.86,0.76,0.76,0.0,0.86,0.86,0.0,0.744,0.686,0.674,0.0,0.104,0.08,0.084,0.0,0.0,0.0,0.0,0.174,0.379,0.095,0.201,0.115,0.296,0.075,0.038,0.0,0.035,0.0,0.015,0.043,0.175,0.266,0.075,0.0,0.0,0.0,0.0,0.0,0.0,0.0,0.0,0.1164,0.015,0.148,0.0,0.064,0.0,0.133,0.0
0.0,0.0,0.0,0.0,446.0,0.9,0.8,0.7,0.0,0.0,0.0,0.0,0.9,0.88,0.86,0.76,0.76,0.0,0.86,0.86,0.0,0.744,0.686,0.674,0.0,0.104,0.08,0.084,0.0,0.0,0.0,0.0,0.174,0.379,0.095,0.201,0.115,0.296,0.075,0.038,0.0,0.035,0.0,0.015,0.043,0.175,0.266,0.075,0.0,0.0,0.0,0.0,0.0,0.0,0.0,0.0,0.1164,0.015,0.148,0.0,0.064,0.0,0.133,0.0
0.0,0.0,0.0,0.0,450.0,0.9,0.8,0.7,0.0,0.0,0.0,0.0,0.9,0.88,0.86,0.76,0.76,0.0,0.86,0.86,0.316,0.752,0.686,0.998,0.0,0.104,0.08,0.084,0.0,0.0,0.0,0.0,0.174,0.379,0.095,0.201,0.115,0.296,0.075,0.038,0.0,0.035,0.0,0.015,0.043,0.175,0.266,0.075,0.0316,0.0,0.0,0.0,0.0,0.0,0.158,0.0,0.1172,0.015,0.148,0.0,0.064,0.0,0.137,0.0
0.0,0.0,0.0,0.0,451.0,0.9,0.7,0.0,0.0,0.0,0.0,0.7,0.9,0.86,0.86,0.72,0.0,0.7,0.86,0.86,0.754,0.326,0.672,0.998,0.0,0.09,0.07,0.0,0.0,0.0,0.0,0.084,0.073,0.14,0.035,0.079,0.135,0.146,0.0,0.0,0.0,0.15,0.07,0.03,0.078,0.005,0.329,0.225,0.0834,0.037,0.0,0.0,0.0,0.0,0.414,0.008,0.0294,0.0,0.049,0.0,0.026,0.0,0.0912,0.0
0.0,0.0,0.0,0.0,455.0,0.9,0.7,0.0,0.0,0.0,0.0,0.7,0.9,0.86,0.86,0.72,0.0,0.7,0.86,0.86,0.604,0.476,0.672,0.998,0.0,0.09,0.07,0.0,0.0,0.0,0.0,0.084,0.073,0.14,0.035,0.079,0.135,0.146,0.0,0.0,0.0,0.15,0.07,0.03,0.078,0.005,0.329,0.225,0.0684,0.037,0.0,0.0,0.0,0.0,0.339,0.008,0.0444,0.0,0.049,0.0,0.026,0.0,0.1662,0.0
0.0,0.0,0.0,0.0,456.0,0.9,0.0,0.0,0.0,0.0,0.0,0.0,0.9,0.86,0.86,0.0,0.0,0.0,0.86,0.86,0.704,0.532,0.672,0.998,0.0,0.09,0.0,0.0,0.0,0.0,0.0,0.0,0.085,0.078,0.07,0.053,0.075,0.025,0.0,0.0,0.0,0.15,0.0,0.02,0.043,0.03,0.333,0.155,0.0714,0.033,0.027,0.0,0.011,0.0,0.3544,0.0084,0.0418,0.0,0.058,0.0,0.045,0.0,0.1744,0.0
0.0,0.0,0.0,0.0,460.0,0.9,0.8,0.0,0.0,0.0,0.0,0.0,0.9,0.86,0.86,0.0,0.0,0.0,0.86,0.86,0.634,0.602,0.672,0.998,0.0,0.09,0.08,0.0,0.0,0.0,0.0,0.0,0.085,0.118,0.07,0.053,0.075,0.025,0.0,0.0,0.0,0.15,0.0,0.02,0.043,0.155,0.443,0.155,0.0824,0.033,0.042,0.0,0.011,0.0,0.2864,0.0084,0.0758,0.0,0.083,0.0,0.06,0.0,0.1424,0.0
0.0,0.0,0.0,0.0,461.0,0.9,0.8,0.0,0.0,0.0,0.0,0.0,0.9,0.86,0.86,0.0,0.6,0.0,0.84,0.86,0.674,0.504,0.672,0.998,0.0,0.09,0.08,0.0,0.0,0.0,0.0,0.0,0.15,0.375,0.05,0.043,0.005,0.115,0.0,0.0,0.03,0.15,0.03,0.0,0.072,0.25,0.371,0.05,0.1282,0.0,0.119,0.0,0.075,0.0,0.087,0.0048,0.0784,0.0,0.093,0.0,0.03,0.0,0.101,0.0
0.0,0.0,0.0,0.0,465.0,0.9,0.0,0.0,0.0,0.0,0.0,0.0,0.9,0.86,0.86,0.0,0.72,0.0,0.84,0.86,0.588,0.578,0.672,0.998,0.0,0.09,0.0,0.0,0.0,0.0,0.0,0.0,0.15,0.41,0.05,0.043,0.005,0.265,0.0,0.0,0.036,0.195,0.03,0.0,0.072,0.19,0.261,0.05,0.1028,0.0,0.104,0.0,0.077,0.0012,0.075,0.0048,0.0738,0.0,0.113,0.0,0.037,0.0,0.123,0.0
0.0,0.0,0.0,0.0,466.0,0.9,0.8,0.7,0.0,0.0,0.0,0.0,0.9,0.86,0.88,0.76,0.76,0.0,0.86,0.86,0.372,0.696,0.672,0.998,0.0,0.09,0.08,0.084,0.0,0.0,0.0,0.0,0.204,0.504,0.155,0.119,0.15,0.333,0.065,0.03,0.008,0.12,0.0,0.0,0.043,0.225,0.226,0.055,0.0708,0.0,0.07,0.0,0.047,0.0016,0.037,0.0,0.1116,0.0,0.093,0.0,0.052,0.0,0.161,0.0
0.0,0.0,0.0,0.0,470.0,0.9,0.8,0.7,0.0,0.0,0.0,0.0,0.9,0.86,0.88,0.76,0.64,0.0,0.86,0.86,0.54,0.54,0.672,0.998,0.0,0.09,0.08,0.084,0.0,0.0,0.0,0.0,0.204,0.579,0.155,0.119,0.15,0.183,0.065,0.03,0.002,0.15,0.0,0.0,0.043,0.235,0.226,0.055,0.1164,0.0,0.098,0.0,0.075,0.0004,0.035,0.0,0.122,0.0,0.065,0.0,0.03,0.0,0.107,0.0
0.0,0.0,0.0,0.0,471.0,0.9,0.8,0.7,0.0,0.0,0.0,0.0,0.9,0.86,0.86,0.74,0.74,0.0,0.86,0.86,0.712,0.362,0.672,0.998,0.0,0.09,0.08,0.084,0.0,0.0,0.0,0.0,0.184,0.519,0.07,0.129,0.06,0.194,0.015,0.029,0.008,0.175,0.0,0.0,0.043,0.235,0.221,0.01,0.1492,0.015,0.12,0.0004,0.08,0.0016,0.095,0.0,0.0772,0.0,0.055,0.0,0.03,0.0,0.055,0.0
0.0,0.0,0.0,0.0,475.0,0.9,0.8,0.7,0.0,0.0,0.0,0.0,0.9,0.86,0.86,0.74,0.74,0.0,0.86,0.86,0.568,0.506,0.672,0.998,0.0,0.09,0.08,0.084,0.0,0.0,0.0,0.0,0.184,0.444,0.22,0.129,0.06,0.194,0.015,0.029,0.008,0.175,0.0,0.0,0.043,0.235,0.221,0.01,0.1048,0.015,0.092,0.0004,0.059,0.0016,0.102,0.0,0.0996,0.0,0.053,0.0,0.051,0.0,0.1,0.0
0.0,0.0,0.0,0.0,476.0,0.9,0.8,0.7,0.0,0.0,0.0,0.0,0.9,0.88,0.88,0.78,0.7,0.56,0.86,0.86,0.272,0.742,0.672,0.998,0.0,0.09,0.08,0.084,0.0,0.0,0.0,0.0,0.122,0.373,0.225,0.148,0.045,0.187,0.02,0.008,0.027,0.18,0.049,0.04,0.092,0.275,0.295,0.075,0.0272,0.0,0.061,0.0,0.009,0.0,0.066,0.0,0.1634,0.007,0.088,0.0,0.066,0.0012,0.136,0.0
0.0,0.0,0.0,0.0,480.0,0.9,0.8,0.7,0.0,0.0,0.0,0.0,0.9,0.88,0.88,0.78,0.74,0.68,0.86,0.86,0.296,0.452,0.672,0.748,0.0,0.09,0.08,0.084,0.0,0.0,0.0,0.0,0.122,0.298,0.075,0.15,0.045,0.189,0.02,0.01,0.027,0.17,0.049,0.04,0.092,0.2,0.295,0.075,0.0296,0.0,0.061,0.0,0.007,0.0,0.08,0.0,0.0866,0.007,0.073,0.0,0.045,0.0024,0.076,0.0
0.0,0.0,0.0,0.0,481.0,0.9,0.8,0.7,0.0,0.0,0.0,0.0,0.9,0.86,0.86,0.76,0.76,0.72,0.84,0.86,0.744,0.006,0.672,0.748,0.0,0.09,0.08,0.084,0.0,0.0,0.0,0.0,0.23,0.361,0.085,0.171,0.1,0.261,0.05,0.038,0.0,0.135,0.11,0.0,0.042,0.055,0.265,0.0,0.1064,0.0,0.139,0.0,0.058,0.0,0.143,0.0,0.0078,0.015,0.0,0.0,0.015,0.0072,0.003,0.0
0.0,0.0,0.0,0.0,485.0,0.9,0.8,0.7,0.0,0.0,0.0,0.0,0.9,0.86,0.86,0.76,0.72,0.6,0.84,0.86,0.686,0.006,0.672,0.674,0.0,0.09,0.08,0.084,0.0,0.0,0.0,0.0,0.23,0.361,0.085,0.169,0.1,0.259,0.05,0.036,0.0,0.07,0.11,0.0,0.042,0.055,0.265,0.0,0.1006,0.0,0.139,0.0,0.051,0.0,0.121,0.0,0.0066,0.015,0.0,0.0,0.015,0.006,0.003,0.0
0.0,0.0,0.0,0.0,486.0,0.9,0.8,0.7,0.0,0.0,0.0,0.0,0.9,0.88,0.86,0.76,0.76,0.0,0.86,0.86,0.0,0.744,0.686,0.674,0.0,0.104,0.08,0.084,0.0,0.0,0.0,0.0,0.174,0.379,0.095,0.201,0.115,0.296,0.075,0.038,0.0,0.035,0.0,0.015,0.043,0.175,0.266,0.075,0.0,0.0,0.0,0.0,0.0,0.0,0.0,0.0,0.1164,0.015,0.148,0.0,0.064,0.0,0.133,0.0
0.0,0.0,0.0,0.0,491.0,0.9,0.8,0.7,0.0,0.0,0.0,0.0,0.9,0.88,0.86,0.76,0.76,0.0,0.86,0.86,0.0,0.744,0.686,0.674,0.0,0.104,0.08,0.084,0.0,0.0,0.0,0.0,0.174,0.379,0.095,0.201,0.115,0.296,0.075,0.038,0.0,0.035,0.0,0.015,0.043,0.175,0.266,0.075,0.0,0.0,0.0,0.0,0.0,0.0,0.0,0.0,0.1164,0.015,0.148,0.0,0.064,0.0,0.133,0.0
0.0,0.0,0.0,0.0,496.0,0.9,0.8,0.7,0.0,0.0,0.0,0.0,0.9,0.88,0.86,0.76,0.76,0.0,0.86,0.86,0.0,0.744,0.686,0.674,0.0,0.104,0.08,0.084,0.0,0.0,0.0,0.0,0.174,0.379,0.095,0.201,0.115,0.296,0.075,0.038,0.0,0.035,0.0,0.015,0.043,0.175,0.266,0.075,0.0,0.0,0.0,0.0,0.0,0.0,0.0,0.0,0.1164,0.015,0.148,0.0,0.064,0.0,0.133,0.0
0.0,0.0,0.0,0.0,501.0,0.9,0.8,0.7,0.0,0.0,0.0,0.0,0.9,0.88,0.86,0.76,0.76,0.0,0.86,0.86,0.0,0.744,0.686,0.674,0.0,0.104,0.08,0.084,0.0,0.0,0.0,0.0,0.174,0.379,0.095,0.201,0.115,0.296,0.075,0.038,0.0,0.035,0.0,0.015,0.043,0.175,0.266,0.075,0.0,0.0,0.0,0.0,0.0,0.0,0.0,0.0,0.1164,0.015,0.148,0.0,0.064,0.0,0.133,0.0
0.0,0.0,0.0,0.0,506.0,0.9,0.8,0.7,0.0,0.0,0.0,0.0,0.9,0.88,0.86,0.76,0.76,0.0,0.86,0.86,0.0,0.744,0.686,0.674,0.0,0.104,0.08,0.084,0.0,0.0,0.0,0.0,0.174,0.379,0.095,0.201,0.115,0.296,0.075,0.038,0.0,0.035,0.0,0.015,0.043,0.175,0.266,0.075,0.0,0.0,0.0,0.0,0.0,0.0,0.0,0.0,0.1164,0.015,0.148,0.0,0.064,0.0,0.133,0.0
0.0,0.0,0.0,0.0,511.0,0.9,0.8,0.7,0.0,0.0,0.0,0.0,0.9,0.88,0.86,0.76,0.76,0.0,0.86,0.86,0.0,0.744,0.686,0.674,0.0,0.104,0.08,0.084,0.0,0.0,0.0,0.0,0.174,0.379,0.095,0.201,0.115,0.296,0.075,0.038,0.0,0.035,0.0,0.015,0.043,0.175,0.266,0.075,0.0,0.0,0.0,0.0,0.0,0.0,0.0,0.0,0.1164,0.015,0.148,0.0,0.064,0.0,0.133,0.0
0.0,0.0,0.0,0.0,516.0,0.9,0.8,0.7,0.0,0.0,0.0,0.0,0.9,0.88,0.86,0.76,0.76,0.0,0.86,0.86,0.0,0.744,0.686,0.674,0.0,0.104,0.08,0.084,0.0,0.0,0.0,0.0,0.174,0.379,0.095,0.201,0.115,0.296,0.075,0.038,0.0,0.035,0.0,0.015,0.043,0.175,0.266,0.075,0.0,0.0,0.0,0.0,0.0,0.0,0.0,0.0,0.1164,0.015,0.148,0.0,0.064,0.0,0.133,0.0
0.0,0.0,0.0,0.0,521.0,0.9,0.8,0.7,0.0,0.0,0.0,0.0,0.9,0.88,0.86,0.76,0.76,0.0,0.86,0.86,0.0,0.744,0.686,0.674,0.0,0.104,0.08,0.084,0.0,0.0,0.0,0.0,0.174,0.379,0.095,0.201,0.115,0.296,0.075,0.038,0.0,0.035,0.0,0.015,0.043,0.175,0.266,0.075,0.0,0.0,0.0,0.0,0.0,0.0,0.0,0.0,0.1164,0.015,0.148,0.0,0.064,0.0,0.133,0.0
0.0,0.0,0.0,0.0,526.0,0.9,0.8,0.7,0.0,0.0,0.0,0.0,0.9,0.88,0.86,0.76,0.76,0.0,0.86,0.86,0.0,0.744,0.686,0.674,0.0,0.104,0.08,0.084,0.0,0.0,0.0,0.0,0.174,0.379,0.095,0.201,0.115,0.296,0.075,0.038,0.0,0.035,0.0,0.015,0.043,0.175,0.266,0.075,0.0,0.0,0.0,0.0,0.0,0.0,0.0,0.0,0.1164,0.015,0.148,0.0,0.064,0.0,0.133,0.0
0.0,0.0,0.0,0.0,531.0,0.9,0.8,0.7,0.0,0.0,0.0,0.0,0.9,0.88,0.86,0.76,0.76,0.0,0.86,0.86,0.0,0.744,0.686,0.674,0.0,0.104,0.08,0.084,0.0,0.0,0.0,0.0,0.174,0.379,0.095,0.201,0.115,0.296,0.075,0.038,0.0,0.035,0.0,0.015,0.043,0.175,0.266,0.075,0.0,0.0,0.0,0.0,0.0,0.0,0.0,0.0,0.1164,0.015,0.148,0.0,0.064,0.0,0.133,0.0
0.0,0.0,0.0,0.0,536.0,0.9,0.8,0.7,0.0,0.0,0.0,0.0,0.9,0.88,0.86,0.76,0.76,0.0,0.86,0.86,0.0,0.744,0.686,0.674,0.0,0.104,0.08,0.084,0.0,0.0,0.0,0.0,0.174,0.379,0.095,0.201,0.115,0.296,0.075,0.038,0.0,0.035,0.0,0.015,0.043,0.175,0.266,0.075,0.0,0.0,0.0,0.0,0.0,0.0,0.0,0.0,0.1164,0.015,0.148,0.0,0.064,0.0,0.133,0.0
0.0,0.0,0.0,0.0,541.0,0.9,0.8,0.7,0.0,0.0,0.0,0.0,0.9,0.88,0.86,0.76,0.76,0.0,0.86,0.86,0.0,0.744,0.686,0.674,0.0,0.104,0.08,0.084,0.0,0.0,0.0,0.0,0.174,0.379,0.095,0.201,0.115,0.296,0.075,0.038,0.0,0.035,0.0,0.015,0.043,0.175,0.266,0.075,0.0,0.0,0.0,0.0,0.0,0.0,0.0,0.0,0.1164,0.015,0.148,0.0,0.064,0.0,0.133,0.0
0.0,0.0,0.0,0.0,546.0,0.9,0.8,0.7,0.0,0.0,0.0,0.0,0.9,0.88,0.86,0.76,0.76,0.0,0.86,0.86,0.0,0.744,0.686,0.674,0.0,0.104,0.08,0.084,0.0,0.0,0.0,0.0,0.174,0.379,0.095,0.201,0.115,0.296,0.075,0.038,0.0,0.035,0.0,0.015,0.043,0.175,0.266,0.075,0.0,0.0,0.0,0.0,0.0,0.0,0.0,0.0,0.1164,0.015,0.148,0.0,0.064,0.0,0.133,0.0
0.0,0.0,0.0,0.0,551.0,0.9,0.8,0.7,0.0,0.0,0.0,0.0,0.9,0.88,0.86,0.76,0.76,0.0,0.86,0.86,0.0,0.744,0.686,0.674,0.0,0.104,0.08,0.084,0.0,0.0,0.0,0.0,0.174,0.379,0.095,0.201,0.115,0.296,0.075,0.038,0.0,0.035,0.0,0.015,0.043,0.175,0.266,0.075,0.0,0.0,0.0,0.0,0.0,0.0,0.0,0.0,0.1164,0.015,0.148,0.0,0.064,0.0,0.133,0.0
0.0,0.0,0.0,0.0,556.0,0.9,0.8,0.7,0.0,0.0,0.0,0.0,0.9,0.88,0.86,0.76,0.76,0.0,0.86,0.86,0.0,0.744,0.686,0.674,0.0,0.104,0.08,0.084,0.0,0.0,0.0,0.0,0.174,0.379,0.095,0.201,0.115,0.296,0.075,0.038,0.0,0.035,0.0,0.015,0.043,0.175,0.266,0.075,0.0,0.0,0.0,0.0,0.0,0.0,0.0,0.0,0.1164,0.015,0.148,0.0,0.064,0.0,0.133,0.0
0.0,0.0,0.0,0.0,561.0,0.9,0.8,0.7,0.0,0.0,0.0,0.0,0.9,0.88,0.86,0.76,0.76,0.0,0.86,0.86,0.0,0.744,0.686,0.674,0.0,0.104,0.08,0.084,0.0,0.0,0.0,0.0,0.174,0.379,0.095,0.201,0.115,0.296,0.075,0.038,0.0,0.035,0.0,0.015,0.043,0.175,0.266,0.075,0.0,0.0,0.0,0.0,0.0,0.0,0.0,0.0,0.1164,0.015,0.148,0.0,0.064,0.0,0.133,0.0
0.0,0.0,0.0,0.0,566.0,0.9,0.8,0.7,0.0,0.0,0.0,0.0,0.9,0.88,0.86,0.76,0.76,0.0,0.86,0.86,0.0,0.744,0.686,0.674,0.0,0.104,0.08,0.084,0.0,0.0,0.0,0.0,0.174,0.379,0.095,0.201,0.115,0.296,0.075,0.038,0.0,0.035,0.0,0.015,0.043,0.175,0.266,0.075,0.0,0.0,0.0,0.0,0.0,0.0,0.0,0.0,0.1164,0.015,0.148,0.0,0.064,0.0,0.133,0.0
0.0,0.0,0.0,0.0,571.0,0.9,0.8,0.7,0.0,0.0,0.0,0.0,0.9,0.88,0.86,0.76,0.76,0.0,0.86,0.86,0.0,0.744,0.686,0.674,0.0,0.104,0.08,0.084,0.0,0.0,0.0,0.0,0.174,0.379,0.095,0.201,0.115,0.296,0.075,0.038,0.0,0.035,0.0,0.015,0.043,0.175,0.266,0.075,0.0,0.0,0.0,0.0,0.0,0.0,0.0,0.0,0.1164,0.015,0.148,0.0,0.064,0.0,0.133,0.0
0.0,0.0,0.0,0.0,576.0,0.9,0.8,0.7,0.0,0.0,0.0,0.0,0.9,0.88,0.86,0.76,0.76,0.0,0.86,0.86,0.0,0.744,0.686,0.674,0.0,0.104,0.08,0.084,0.0,0.0,0.0,0.0,0.174,0.379,0.095,0.201,0.115,0.296,0.075,0.038,0.0,0.035,0.0,0.015,0.043,0.175,0.266,0.075,0.0,0.0,0.0,0.0,0.0,0.0,0.0,0.0,0.1164,0.015,0.148,0.0,0.064,0.0,0.133,0.0
0.0,0.0,0.0,0.0,581.0,0.9,0.8,0.7,0.0,0.0,0.0,0.0,0.9,0.88,0.86,0.76,0.76,0.0,0.86,0.86,0.0,0.744,0.686,0.674,0.0,0.104,0.08,0.084,0.0,0.0,0.0,0.0,0.174,0.379,0.095,0.201,0.115,0.296,0.075,0.038,0.0,0.035,0.0,0.015,0.043,0.175,0.266,0.075,0.0,0.0,0.0,0.0,0.0,0.0,0.0,0.0,0.1164,0.015,0.148,0.0,0.064,0.0,0.133,0.0
0.0,0.0,0.0,0.0,586.0,0.9,0.8,0.7,0.0,0.0,0.0,0.0,0.9,0.88,0.86,0.76,0.76,0.0,0.86,0.86,0.0,0.744,0.686,0.674,0.0,0.104,0.08,0.084,0.0,0.0,0.0,0.0,0.174,0.379,0.095,0.201,0.115,0.296,0.075,0.038,0.0,0.035,0.0,0.015,0.043,0.175,0.266,0.075,0.0,0.0,0.0,0.0,0.0,0.0,0.0,0.0,0.1164,0.015,0.148,0.0,0.064,0.0,0.133,0.0
0.0,0.0,0.0,0.0,591.0,0.9,0.8,0.7,0.0,0.0,0.0,0.0,0.9,0.88,0.86,0.76,0.76,0.0,0.86,0.86,0.0,0.744,0.686,0.674,0.0,0.104,0.08,0.084,0.0,0.0,0.0,0.0,0.174,0.379,0.095,0.201,0.115,0.296,0.075,0.038,0.0,0.035,0.0,0.015,0.043,0.175,0.266,0.075,0.0,0.0,0.0,0.0,0.0,0.0,0.0,0.0,0.1164,0.015,0.148,0.0,0.064,0.0,0.133,0.0
0.0,0.0,0.0,0.0,596.0,0.9,0.8,0.7,0.0,0.0,0.0,0.0,0.9,0.88,0.86,0.76,0.76,0.0,0.86,0.86,0.0,0.744,0.686,0.674,0.0,0.104,0.08,0.084,0.0,0.0,0.0,0.0,0.174,0.379,0.095,0.201,0.115,0.296,0.075,0.038,0.0,0.035,0.0,0.015,0.043,0.175,0.266,0.075,0.0,0.0,0.0,0.0,0.0,0.0,0.0,0.0,0.1164,0.015,0.148,0.0,0.064,0.0,0.133,0.0
0.0,0.0,0.0,0.0,601.0,0.9,0.8,0.8,0.7,0.7,0.7,0.7,0.9,0.88,0.88,0.88,0.88,0.78,0.88,0.86,0.518,0.752,0.672,0.674,0.674,0.09,0.08,0.08,0.084,0.084,0.084,0.084,0.175,0.467,0.197,0.055,0.245,0.661,0.31,0.137,0.04,0.461,0.14,0.037,0.014,0.355,0.204,0.1,0.0808,0.0,0.105,0.0,0.055,0.0,0.07,0.0,0.1156,0.013,0.1466,0.0,0.093,0.0,0.109,0.0
0.0,0.0,0.0,0.0,606.0,0.9,0.8,0.8,0.7,0.7,0.7,0.7,0.9,0.88,0.88,0.88,0.88,0.78,0.88,0.86,0.518,0.752,0.672,0.674,0.674,0.09,0.08,0.08,0.084,0.084,0.084,0.084,0.175,0.467,0.197,0.055,0.245,0.661,0.31,0.137,0.04,0.461,0.14,0.037,0.014,0.355,0.204,0.1,0.0808,0.0,0.105,0.0,0.055,0.0,0.07,0.0,0.1156,0.013,0.1466,0.0,0.093,0.0,0.109,0.0
0.0,0.0,0.0,0.0,611.0,0.9,0.8,0.8,0.7,0.7,0.7,0.7,0.9,0.88,0.88,0.88,0.88,0.78,0.88,0.86,0.518,0.752,0.672,0.674,0.674,0.09,0.08,0.08,0.084,0.084,0.084,0.084,0.175,0.467,0.197,0.055,0.245,0.661,0.31,0.137,0.04,0.461,0.14,0.037,0.014,0.355,0.204,0.1,0.0808,0.0,0.105,0.0,0.055,0.0,0.07,0.0,0.1156,0.013,0.1466,0.0,0.093,0.0,0.109,0.0
0.0,0.0,0.0,0.0,616.0,0.9,0.8,0.8,0.7,0.7,0.7,0.7,0.9,0.88,0.88,0.88,0.88,0.78,0.88,0.86,0.518,0.752,0.672,0.674,0.674,0.09,0.08,0.08,0.084,0.084,0.084,0.084,0.175,0.467,0.197,0.055,0.245,0.661,0.31,0.137,0.04,0.461,0.14,0.037,0.014,0.355,0.204,0.1,0.0808,0.0,0.105,0.0,0.055,0.0,0.07,0.0,0.1156,0.013,0.1466,0.0,0.093,0.0,0.109,0.0
0.0,0.0,0.0,0.0,621.0,0.9,0.8,0.8,0.7,0.7,0.7,0.7,0.9,0.88,0.88,0.88,0.88,0.78,0.88,0.86,0.518,0.752,0.672,0.674,0.674,0.09,0.08,0.08,0.084,0.084,0.084,0.084,0.175,0.467,0.197,0.055,0.245,0.661,0.31,0.137,0.04,0.461,0.14,0.037,0.014,0.355,0.204,0.1,0.0808,0.0,0.105,0.0,0.055,0.0,0.07,0.0,0.1156,0.013,0.1466,0.0,0.093,0.0,0.109,0.0
0.0,0.0,0.0,0.0,626.0,0.9,0.8,0.8,0.7,0.7,0.7,0.7,0.9,0.88,0.88,0.88,0.88,0.78,0.88,0.86,0.518,0.752,0.672,0.674,0.674,0.09,0.08,0.08,0.084,0.084,0.084,0.084,0.175,0.467,0.197,0.055,0.245,0.661,0.31,0.137,0.04,0.461,0.14,0.037,0.014,0.355,0.204,0.1,0.0808,0.0,0.105,0.0,0.055,0.0,0.07,0.0,0.1156,0.013,0.1466,0.0,0.093,0.0,0.109,0.0
0.0,0.0,0.0,0.0,631.0,0.9,0.8,0.8,0.7,0.7,0.7,0.7,0.9,0.88,0.88,0.88,0.88,0.78,0.88,0.86,0.518,0.752,0.672,0.674,0.674,0.09,0.08,0.08,0.084,0.084,0.084,0.084,0.175,0.467,0.197,0.055,0.245,0.661,0.31,0.137,0.04,0.461,0.14,0.037,0.014,0.355,0.204,0.1,0.0808,0.0,0.105,0.0,0.055,0.0,0.07,0.0,0.1156,0.013,0.1466,0.0,0.093,0.0,0.109,0.0
0.0,0.0,0.0,0.0,636.0,0.9,0.8,0.8,0.7,0.7,0.7,0.7,0.9,0.88,0.88,0.88,0.88,0.78,0.88,0.86,0.518,0.752,0.672,0.674,0.674,0.09,0.08,0.08,0.084,0.084,0.084,0.084,0.175,0.467,0.197,0.055,0.245,0.661,0.31,0.137,0.04,0.461,0.14,0.037,0.014,0.355,0.204,0.1,0.0808,0.0,0.105,0.0,0.055,0.0,0.07,0.0,0.1156,0.013,0.1466,0.0,0.093,0.0,0.109,0.0
0.0,0.0,0.0,0.0,641.0,0.9,0.8,0.8,0.7,0.7,0.7,0.7,0.9,0.88,0.88,0.88,0.88,0.78,0.88,0.86,0.518,0.752,0.672,0.674,0.674,0.09,0.08,0.08,0.084,0.084,0.084,0.084,0.175,0.467,0.197,0.055,0.245,0.661,0.31,0.137,0.04,0.461,0.14,0.037,0.014,0.355,0.204,0.1,0.0808,0.0,0.105,0.0,0.055,0.0,0.07,0.0,0.1156,0.013,0.1466,0.0,0.093,0.0,0.109,0.0
0.0,0.0,0.0,0.0,646.0,0.9,0.8,0.8,0.7,0.7,0.7,0.7,0.9,0.88,0.88,0.88,0.88,0.78,0.88,0.86,0.518,0.752,0.672,0.674,0.674,0.09,0.08,0.08,0.084,0.084,0.084,0.084,0.175,0.467,0.197,0.055,0.245,0.661,0.31,0.137,0.04,0.461,0.14,0.037,0.014,0.355,0.204,0.1,0.0808,0.0,0.105,0.0,0.055,0.0,0.07,0.0,0.1156,0.013,0.1466,0.0,0.093,0.0,0.109,0.0
0.0,0.0,0.0,0.0,650.0,0.9,0.8,0.8,0.7,0.7,0.7,0.7,0.9,0.88,0.88,0.88,0.88,0.78,0.88,0.86,0.796,0.798,0.672,0.674,0.998,0.09,0.08,0.08,0.084,0.084,0.084,0.084,0.175,0.467,0.197,0.055,0.245,0.823,0.31,0.137,0.04,0.461,0.14,0.037,0.014,0.355,0.204,0.1,0.0808,0.0,0.2718,0.0,0.055,0.0,0.07,0.0,0.1156,0.013,0.1742,0.0,0.093,0.0,0.109,0.0
0.0,0.0,0.0,0.0,651.0,0.9,0.8,0.8,0.6,0.0,0.0,0.8,0.9,0.88,0.88,0.86,0.86,0.8,0.82,0.88,0.814,0.814,0.686,0.674,0.998,0.104,0.08,0.08,0.072,0.0,0.0,0.096,0.118,0.301,0.256,0.011,0.475,0.8,0.115,0.208,0.0,0.135,0.04,0.0,0.086,0.175,0.273,0.06,0.0304,0.0,0.425,0.0,0.016,0.0,0.017,0.0,0.1368,0.0,0.2196,0.0,0.031,0.0,0.101,0.0
0.0,0.0,0.0,0.0,655.0,0.9,0.8,0.8,0.8,0.0,0.0,0.8,0.9,0.88,0.88,0.88,0.86,0.8,0.82,0.88,0.81,0.812,0.686,0.674,0.998,0.104,0.08,0.08,0.096,0.0,0.0,0.096,0.118,0.301,0.256,0.011,0.475,0.8,0.115,0.208,0.0,0.135,0.04,0.0,0.086,0.175,0.273,0.06,0.0304,0.0,0.4226,0.0,0.016,0.0,0.017,0.0,0.1368,0.0,0.2184,0.0,0.031,0.0,0.101,0.0
0.0,0.0,0.0,0.0,656.0,0.9,0.8,0.8,0.6,0.0,0.0,0.8,0.9,0.88,0.88,0.86,0.86,0.8,0.82,0.88,0.814,0.814,0.686,0.674,0.998,0.104,0.08,0.08,0.072,0.0,0.0,0.096,0.119,0.302,0.254,0.012,0.475,0.803,0.11,0.203,0.0,0.135,0.04,0.0,0.086,0.175,0.273,0.06,0.0296,0.0,0.4128,0.0,0.03,0.0,0.016,0.0,0.137,0.0,0.2184,0.0,0.031,0.0,0.102,0.0
0.0,0.0,0.0,0.0,660.0,0.9,0.8,0.9,0.6,0.8,0.0,0.8,0.9,0.88,0.9,0.86,0.88,0.82,0.84,0.88,0.802,0.802,0.686,0.674,0.998,0.104,0.08,0.09,0.072,0.096,0.0,0.096,0.119,0.302,0.389,0.012,0.475,0.807,0.12,0.213,0.0,0.381,0.04,0.0,0.087,0.38,0.273,0.06,0.0486,0.0,0.2746,0.0,0.079,0.0,0.079,0.0,0.145,0.0,0.1954,0.0,0.031,0.0,0.11,0.0002
0.0,0.0,0.0,0.0,661.0,0.9,0.8,0.8,0.2,0.8,0.7,0.7,0.9,0.86,0.9,0.84,0.86,0.8,0.86,0.88,0.802,0.804,0.674,0.674,0.998,0.092,0.08,0.08,0.024,0.096,0.084,0.084,0.149,0.321,0.386,0.021,0.28,0.809,0.485,0.114,0.06,0.583,0.144,0.0,0.054,0.535,0.234,0.01,0.09,0.0,0.1698,0.006,0.116,0.0006,0.127,0.015,0.1152,0.0,0.1584,0.0,0.061,0.0,0.148,0.0002
0.0,0.0,0.0,0.0,665.0,0.9,0.8,0.8,0.7,0.8,0.7,0.7,0.9,0.88,0.88,0.88,0.9,0.82,0.84,0.88,0.794,0.794,0.674,0.674,0.998,0.092,0.08,0.08,0.084,0.096,0.084,0.084,0.149,0.321,0.252,0.021,0.285,0.804,0.485,0.117,0.06,0.574,0.154,0.0,0.053,0.46,0.234,0.01,0.077,0.0,0.205,0.006,0.129,0.0006,0.087,0.015,0.1152,0.0,0.1572,0.0,0.061,0.0,0.143,0.0
0.0,0.0,0.0,0.0,666.0,0.9,0.8,0.8,0.7,0.8,0.7,0.7,0.9,0.86,0.86,0.86,0.86,0.82,0.86,0.88,0.798,0.798,0.672,0.674,0.998,0.09,0.08,0.08,0.084,0.096,0.084,0.084,0.103,0.311,0.214,0.005,0.335,0.822,0.44,0.128,0.125,0.707,0.208,0.039,0.014,0.46,0.203,0.015,0.0806,0.0,0.1596,0.0,0.14,0.0,0.106,0.0074,0.1156,0.0,0.1802,0.0,0.066,0.0,0.117,0.0
0.0,0.0,0.0,0.0,670.0,0.9,0.8,0.9,0.7,0.8,0.7,0.7,0.9,0.84,0.9,0.86,0.9,0.8,0.86,0.88,0.794,0.798,0.672,0.674,0.998,0.09,0.08,0.09,0.084,0.096,0.084,0.084,0.103,0.311,0.273,0.005,0.335,0.856,0.45,0.129,0.125,0.686,0.203,0.039,0.014,0.51,0.203,0.015,0.0866,0.0,0.1232,0.0,0.133,0.0,0.141,0.0074,0.1076,0.0,0.1802,0.0,0.069,0.0,0.122,0.0
0.0,0.0,0.0,0.0,671.0,0.9,0.8,0.9,0.7,0.8,0.7,0.7,0.9,0.86,0.9,0.86,0.86,0.82,0.88,0.88,0.794,0.796,0.672,0.674,0.998,0.09,0.08,0.09,0.084,0.096,0.084,0.084,0.098,0.304,0.332,0.0,0.305,0.787,0.48,0.11,0.16,0.684,0.184,0.036,0.019,0.5,0.2,0.01,0.098,0.0,0.1442,0.0,0.11,0.0028,0.135,0.008,0.1074,0.0,0.1612,0.0,0.083,0.0,0.126,0.0
0.0,0.0,0.0,0.0,675.0,0.9,0.8,0.8,0.7,0.8,0.7,0.7,0.9,0.88,0.88,0.88,0.9,0.84,0.88,0.88,0.788,0.794,0.672,0.674,0.998,0.09,0.08,0.08,0.084,0.096,0.084,0.084,0.098,0.304,0.278,0.0,0.31,0.792,0.475,0.113,0.16,0.625,0.184,0.036,0.019,0.465,0.2,0.01,0.101,0.0,0.1846,0.0,0.1,0.0028,0.098,0.008,0.1074,0.0,0.163,0.0,0.08,0.0,0.126,0.0
0.0,0.0,0.0,0.0,676.0,0.9,0.8,0.8,0.7,0.8,0.7,0.7,0.9,0.86,0.88,0.86,0.88,0.82,0.88,0.88,0.794,0.796,0.686,0.674,0.998,0.104,0.08,0.08,0.084,0.096,0.084,0.084,0.075,0.316,0.18,0.0,0.275,0.86,0.4,0.129,0.14,0.697,0.173,0.039,0.015,0.475,0.17,0.015,0.0894,0.0,0.1722,0.0,0.129,0.0,0.093,0.0072,0.1076,0.0,0.193,0.014,0.065,0.0,0.126,0.0
0.0,0.0,0.0,0.0,680.0,0.9,0.8,0.7,0.0,0.0,0.7,0.7,0.9,0.84,0.86,0.8,0.76,0.82,0.88,0.88,0.594,0.778,0.686,0.674,0.728,0.104,0.08,0.07,0.0,0.0,0.084,0.084,0.075,0.316,0.174,0.0,0.265,0.687,0.39,0.115,0.14,0.592,0.168,0.039,0.015,0.405,0.17,0.015,0.0744,0.0,0.1112,0.0,0.092,0.0,0.086,0.0072,0.1076,0.0,0.1892,0.014,0.065,0.0,0.119,0.0
0.0,0.0,0.0,0.0,681.0,0.9,0.8,0.8,0.7,0.7,0.7,0.0,0.9,0.88,0.88,0.86,0.88,0.78,0.88,0.86,0.746,0.594,0.672,0.674,0.728,0.09,0.08,0.08,0.084,0.084,0.084,0.0,0.154,0.405,0.197,0.0,0.325,0.713,0.335,0.129,0.05,0.498,0.135,0.039,0.012,0.435,0.185,0.04,0.103,0.0,0.1656,0.009,0.086,0.0,0.109,0.007,0.0892,0.006,0.1122,0.015,0.066,0.0,0.112,0.002
0.0,0.0,0.0,0.0,685.0,0.9,0.8,0.8,0.7,0.7,0.7,0.0,0.9,0.88,0.88,0.84,0.86,0.74,0.88,0.86,0.702,0.592,0.672,0.674,0.674,0.09,0.08,0.08,0.084,0.084,0.084,0.0,0.154,0.405,0.197,0.0,0.325,0.686,0.33,0.126,0.05,0.446,0.135,0.039,0.012,0.36,0.185,0.04,0.103,0.0,0.1612,0.009,0.078,0.0,0.095,0.007,0.0892,0.006,0.112,0.015,0.066,0.0,0.111,0.002
0.0,0.0,0.0,0.0,686.0,0.9,0.8,0.8,0.7,0.7,0.7,0.7,0.9,0.88,0.88,0.88,0.88,0.78,0.88,0.86,0.518,0.752,0.672,0.674,0.674,0.09,0.08,0.08,0.084,0.084,0.084,0.084,0.175,0.467,0.197,0.055,0.245,0.661,0.31,0.137,0.04,0.461,0.14,0.037,0.014,0.355,0.204,0.1,0.0808,0.0,0.105,0.0,0.055,0.0,0.07,0.0,0.1156,0.013,0.1466,0.0,0.093,0.0,0.109,0.0
0.0,0.0,0.0,0.0,691.0,0.9,0.8,0.8,0.7,0.7,0.7,0.7,0.9,0.88,0.88,0.88,0.88,0.78,0.88,0.86,0.518,0.752,0.672,0.674,0.674,0.09,0.08,0.08,0.084,0.084,0.084,0.084,0.175,0.467,0.197,0.055,0.245,0.661,0.31,0.137,0.04,0.461,0.14,0.037,0.014,0.355,0.204,0.1,0.0808,0.0,0.105,0.0,0.055,0.0,0.07,0.0,0.1156,0.013,0.1466,0.0,0.093,0.0,0.109,0.0
0.0,0.0,0.0,0.0,696.0,0.9,0.8,0.8,0.7,0.7,0.7,0.7,0.9,0.88,0.88,0.88,0.88,0.78,0.88,0.86,0.518,0.752,0.672,0.674,0.674,0.09,0.08,0.08,0.084,0.084,0.084,0.084,0.175,0.467,0.197,0.055,0.245,0.661,0.31,0.137,0.04,0.461,0.14,0.037,0.014,0.355,0.204,0.1,0.0808,0.0,0.105,0.0,0.055,0.0,0.07,0.0,0.1156,0.013,0.1466,0.0,0.093,0.0,0.109,0.0
0.0,0.0,0.0,0.0,701.0,0.9,0.8,0.8,0.7,0.7,0.7,0.7,0.9,0.88,0.88,0.88,0.88,0.78,0.88,0.86,0.518,0.752,0.672,0.674,0.674,0.09,0.08,0.08,0.084,0.084,0.084,0.084,0.175,0.467,0.197,0.055,0.245,0.661,0.31,0.137,0.04,0.461,0.14,0.037,0.014,0.355,0.204,0.1,0.0808,0.0,0.105,0.0,0.055,0.0,0.07,0.0,0.1156,0.013,0.1466,0.0,0.093,0.0,0.109,0.0
0.0,0.0,0.0,0.0,706.0,0.9,0.8,0.8,0.7,0.7,0.7,0.7,0.9,0.88,0.88,0.88,0.88,0.78,0.88,0.86,0.518,0.752,0.672,0.674,0.674,0.09,0.08,0.08,0.084,0.084,0.084,0.084,0.175,0.467,0.197,0.055,0.245,0.661,0.31,0.137,0.04,0.461,0.14,0.037,0.014,0.355,0.204,0.1,0.0808,0.0,0.105,0.0,0.055,0.0,0.07,0.0,0.1156,0.013,0.1466,0.0,0.093,0.0,0.109,0.0
0.0,0.0,0.0,0.0,711.0,0.9,0.8,0.8,0.7,0.7,0.7,0.7,0.9,0.88,0.88,0.88,0.88,0.78,0.88,0.86,0.518,0.752,0.672,0.674,0.674,0.09,0.08,0.08,0.084,0.084,0.084,0.084,0.175,0.467,0.197,0.055,0.245,0.661,0.31,0.137,0.04,0.461,0.14,0.037,0.014,0.355,0.204,0.1,0.0808,0.0,0.105,0.0,0.055,0.0,0.07,0.0,0.1156,0.013,0.1466,0.0,0.093,0.0,0.109,0.0
0.0,0.0,0.0,0.0,716.0,0.9,0.8,0.8,0.7,0.7,0.7,0.7,0.9,0.88,0.88,0.88,0.88,0.78,0.88,0.86,0.518,0.752,0.672,0.674,0.674,0.09,0.08,0.08,0.084,0.084,0.084,0.084,0.175,0.467,0.197,0.055,0.245,0.661,0.31,0.137,0.04,0.461,0.14,0.037,0.014,0.355,0.204,0.1,0.0808,0.0,0.105,0.0,0.055,0.0,0.07,0.0,0.1156,0.013,0.1466,0.0,0.093,0.0,0.109,0.0
0.0,0.0,0.0,0.0,721.0,0.9,0.8,0.8,0.7,0.7,0.7,0.7,0.9,0.88,0.88,0.88,0.88,0.78,0.88,0.86,0.518,0.752,0.672,0.674,0.674,0.09,0.08,0.08,0.084,0.084,0.084,0.084,0.175,0.467,0.197,0.055,0.245,0.661,0.31,0.137,0.04,0.461,0.14,0.037,0.014,0.355,0.204,0.1,0.0808,0.0,0.105,0.0,0.055,0.0,0.07,0.0,0.1156,0.013,0.1466,0.0,0.093,0.0,0.109,0.0
0.0,0.0,0.0,0.0,726.0,0.9,0.8,0.8,0.7,0.7,0.7,0.7,0.9,0.88,0.88,0.88,0.88,0.78,0.88,0.86,0.518,0.752,0.672,0.674,0.674,0.09,0.08,0.08,0.084,0.084,0.084,0.084,0.175,0.467,0.197,0.055,0.245,0.661,0.31,0.137,0.04,0.461,0.14,0.037,0.014,0.355,0.204,0.1,0.0808,0.0,0.105,0.0,0.055,0.0,0.07,0.0,0.1156,0.013,0.1466,0.0,0.093,0.0,0.109,0.0
0.0,0.0,0.0,0.0,731.0,0.9,0.8,0.8,0.7,0.7,0.7,0.7,0.9,0.88,0.88,0.88,0.88,0.78,0.88,0.86,0.518,0.752,0.672,0.674,0.674,0.09,0.08,0.08,0.084,0.084,0.084,0.084,0.175,0.467,0.197,0.055,0.245,0.661,0.31,0.137,0.04,0.461,0.14,0.037,0.014,0.355,0.204,0.1,0.0808,0.0,0.105,0.0,0.055,0.0,0.07,0.0,0.1156,0.013,0.1466,0.0,0.093,0.0,0.109,0.0
0.0,0.0,0.0,0.0,736.0,0.9,0.8,0.8,0.7,0.7,0.7,0.7,0.9,0.88,0.88,0.88,0.88,0.78,0.88,0.86,0.518,0.752,0.672,0.674,0.674,0.09,0.08,0.08,0.084,0.084,0.084,0.084,0.175,0.467,0.197,0.055,0.245,0.661,0.31,0.137,0.04,0.461,0.14,0.037,0.014,0.355,0.204,0.1,0.0808,0.0,0.105,0.0,0.055,0.0,0.07,0.0,0.1156,0.013,0.1466,0.0,0.093,0.0,0.109,0.0
0.0,0.0,0.0,0.0,741.0,0.9,0.8,0.8,0.7,0.7,0.7,0.7,0.9,0.88,0.88,0.88,0.88,0.78,0.88,0.86,0.518,0.752,0.672,0.674,0.674,0.09,0.08,0.08,0.084,0.084,0.084,0.084,0.175,0.467,0.197,0.055,0.245,0.661,0.31,0.137,0.04,0.461,0.14,0.037,0.014,0.355,0.204,0.1,0.0808,0.0,0.105,0.0,0.055,0.0,0.07,0.0,0.1156,0.013,0.1466,0.0,0.093,0.0,0.109,0.0
0.0,0.0,0.0,0.0,746.0,0.9,0.8,0.8,0.7,0.7,0.7,0.7,0.9,0.88,0.88,0.88,0.88,0.78,0.88,0.86,0.518,0.752,0.672,0.674,0.674,0.09,0.08,0.08,0.084,0.084,0.084,0.084,0.175,0.467,0.197,0.055,0.245,0.661,0.31,0.137,0.04,0.461,0.14,0.037,0.014,0.355,0.204,0.1,0.0808,0.0,0.105,0.0,0.055,0.0,0.07,0.0,0.1156,0.013,0.1466,0.0,0.093,0.0,0.109,0.0
0.0,0.0,0.0,0.0,751.0,0.9,0.8,0.8,0.7,0.7,0.7,0.7,0.9,0.88,0.88,0.88,0.88,0.78,0.88,0.86,0.518,0.752,0.672,0.674,0.674,0.09,0.08,0.08,0.084,0.084,0.084,0.084,0.175,0.467,0.197,0.055,0.245,0.661,0.31,0.137,0.04,0.461,0.14,0.037,0.014,0.355,0.204,0.1,0.0808,0.0,0.105,0.0,0.055,0.0,0.07,0.0,0.1156,0.013,0.1466,0.0,0.093,0.0,0.109,0.0
0.0,0.0,0.0,0.0,756.0,0.9,0.8,0.8,0.7,0.7,0.7,0.7,0.9,0.88,0.88,0.88,0.88,0.78,0.88,0.86,0.518,0.752,0.672,0.674,0.674,0.09,0.08,0.08,0.084,0.084,0.084,0.084,0.175,0.467,0.197,0.055,0.245,0.661,0.31,0.137,0.04,0.461,0.14,0.037,0.014,0.355,0.204,0.1,0.0808,0.0,0.105,0.0,0.055,0.0,0.07,0.0,0.1156,0.013,0.1466,0.0,0.093,0.0,0.109,0.0
0.0,0.0,0.0,0.0,761.0,0.9,0.8,0.8,0.7,0.7,0.7,0.7,0.9,0.88,0.88,0.88,0.88,0.78,0.88,0.86,0.518,0.752,0.672,0.674,0.674,0.09,0.08,0.08,0.084,0.084,0.084,0.084,0.175,0.467,0.197,0.055,0.245,0.661,0.31,0.137,0.04,0.461,0.14,0.037,0.014,0.355,0.204,0.1,0.0808,0.0,0.105,0.0,0.055,0.0,0.07,0.0,0.1156,0.013,0.1466,0.0,0.093,0.0,0.109,0.0
0.0,0.0,0.0,0.0,766.0,0.9,0.8,0.8,0.7,0.7,0.7,0.7,0.9,0.88,0.88,0.88,0.88,0.78,0.88,0.86,0.518,0.752,0.672,0.674,0.674,0.09,0.08,0.08,0.084,0.084,0.084,0.084,0.175,0.467,0.197,0.055,0.245,0.661,0.31,0.137,0.04,0.461,0.14,0.037,0.014,0.355,0.204,0.1,0.0808,0.0,0.105,0.0,0.055,0.0,0.07,0.0,0.1156,0.013,0.1466,0.0,0.093,0.0,0.109,0.0
0.0,0.0,0.0,0.0,771.0,0.9,0.8,0.8,0.7,0.7,0.7,0.7,0.9,0.88,0.88,0.88,0.88,0.78,0.88,0.86,0.518,0.752,0.672,0.674,0.674,0.09,0.08,0.08,0.084,0.084,0.084,0.084,0.175,0.467,0.197,0.055,0.245,0.661,0.31,0.137,0.04,0.461,0.14,0.037,0.014,0.355,0.204,0.1,0.0808,0.0,0.105,0.0,0.055,0.0,0.07,0.0,0.1156,0.013,0.1466,0.0,0.093,0.0,0.109,0.0
0.0,0.0,0.0,0.0,776.0,0.9,0.8,0.8,0.7,0.7,0.7,0.7,0.9,0.88,0.88,0.88,0.88,0.78,0.88,0.86,0.518,0.752,0.672,0.674,0.674,0.09,0.08,0.08,0.084,0.084,0.084,0.084,0.175,0.467,0.197,0.055,0.245,0.661,0.31,0.137,0.04,0.461,0.14,0.037,0.014,0.355,0.204,0.1,0.0808,0.0,0.105,0.0,0.055,0.0,0.07,0.0,0.1156,0.013,0.1466,0.0,0.093,0.0,0.109,0.0
0.0,0.0,0.0,0.0,781.0,0.9,0.8,0.8,0.7,0.7,0.7,0.7,0.9,0.88,0.88,0.88,0.88,0.78,0.88,0.86,0.518,0.752,0.672,0.674,0.674,0.09,0.08,0.08,0.084,0.084,0.084,0.084,0.175,0.467,0.197,0.055,0.245,0.661,0.31,0.137,0.04,0.461,0.14,0.037,0.014,0.355,0.204,0.1,0.0808,0.0,0.105,0.0,0.055,0.0,0.07,0.0,0.1156,0.013,0.1466,0.0,0.093,0.0,0.109,0.0
0.0,0.0,0.0,0.0,786.0,0.9,0.8,0.8,0.7,0.7,0.7,0.7,0.9,0.88,0.88,0.88,0.88,0.78,0.88,0.86,0.518,0.752,0.672,0.674,0.674,0.09,0.08,0.08,0.084,0.084,0.084,0.084,0.175,0.467,0.197,0.055,0.245,0.661,0.31,0.137,0.04,0.461,0.14,0.037,0.014,0.355,0.204,0.1,0.0808,0.0,0.105,0.0,0.055,0.0,0.07,0.0,0.1156,0.013,0.1466,0.0,0.093,0.0,0.109,0.0
0.0,0.0,0.0,0.0,791.0,0.9,0.8,0.8,0.7,0.7,0.7,0.7,0.9,0.88,0.88,0.88,0.88,0.78,0.88,0.86,0.518,0.752,0.672,0.674,0.674,0.09,0.08,0.08,0.084,0.084,0.084,0.084,0.175,0.467,0.197,0.055,0.245,0.661,0.31,0.137,0.04,0.461,0.14,0.037,0.014,0.355,0.204,0.1,0.0808,0.0,0.105,0.0,0.055,0.0,0.07,0.0,0.1156,0.013,0.1466,0.0,0.093,0.0,0.109,0.0
0.0,0.0,0.0,0.0,796.0,0.9,0.8,0.8,0.7,0.7,0.7,0.7,0.9,0.88,0.88,0.88,0.88,0.78,0.88,0.86,0.518,0.752,0.672,0.674,0.674,0.09,0.08,0.08,0.084,0.084,0.084,0.084,0.175,0.467,0.197,0.055,0.245,0.661,0.31,0.137,0.04,0.461,0.14,0.037,0.014,0.355,0.204,0.1,0.0808,0.0,0.105,0.0,0.055,0.0,0.07,0.0,0.1156,0.013,0.1466,0.0,0.093,0.0,0.109,0.0
0.0,0.0,0.0,0.0,801.0,0.0,0.0,0.0,0.0,0.0,0.0,0.0,0.0,0.0,0.0,0.0,0.0,0.0,0.0,0.0,0.0,0.0,0.0,0.0,0.0,0.0,0.0,0.0,0.0,0.0,0.0,0.0,0.0,0.0,0.0,0.0,0.0,0.0,0.0,0.0,0.0,0.0,0.0,0.0,0.0,0.0,0.0,0.0,0.0,0.0,0.0,0.0,0.0,0.0,0.0,0.0,0.0,0.0,0.0,0.0,0.0,0.0,0.0,0.0
