,,,,instant,0,1,2,3,(0-2),(1-3),(1-2),(2-3)
,,,,1,0.000,0.000,0.000,0.000,0.000,0.000,0.000,0.000
,,,,2,0.010,0.000,0.001,0.000,0.003,0.000,0.003,0.000
,,,,3,0.020,0.000,0.001,0.001,0.010,0.000,0.003,0.001
,,,,4,0.040,0.000,0.002,0.005,0.030,0.000,0.007,0.003
,,,,5,0.050,0.010,0.003,0.008,0.043,0.000,0.013,0.004
,,,,6,0.060,0.010,0.002,0.011,0.053,0.000,0.010,0.005
,,,,7,0.050,0.010,0.004,0.012,0.057,0.000,0.017,0.006
,,,,8,0.070,0.010,0.003,0.015,0.073,0.000,0.013,0.007
,,,,9,0.110,0.010,0.003,0.017,0.100,0.000,0.013,0.010
,,,,10,0.100,0.010,0.006,0.020,0.100,0.000,0.023,0.010
,,,,11,0.140,0.010,0.012,0.029,0.137,0.000,0.043,0.014
,,,,12,0.190,0.030,0.015,0.029,0.170,0.000,0.060,0.017
,,,,13,0.170,0.050,0.017,0.032,0.163,0.000,0.073,0.016
,,,,14,0.220,0.060,0.022,0.044,0.220,0.000,0.083,0.022
,,,,15,0.290,0.100,0.027,0.039,0.203,0.000,0.113,0.020
,,,,16,0.230,0.100,0.031,0.052,0.267,0.000,0.133,0.027
,,,,17,0.280,0.100,0.015,0.037,0.210,0.000,0.083,0.021
,,,,18,0.180,0.110,0.017,0.045,0.247,0.000,0.107,0.025
,,,,19,0.200,0.070,0.016,0.045,0.207,0.000,0.077,0.021
,,,,20,0.170,0.080,0.020,0.045,0.207,0.000,0.097,0.021
,,,,21,0.260,0.070,0.011,0.052,0.273,0.000,0.060,0.027
,,,,22,0.340,0.100,0.012,0.049,0.283,0.000,0.073,0.028
,,,,23,0.440,0.100,0.007,0.044,0.293,0.000,0.057,0.029
,,,,24,0.520,0.160,0.009,0.042,0.280,0.000,0.087,0.028
,,,,25,0.440,0.110,0.015,0.049,0.307,0.000,0.093,0.031
,,,,26,0.460,0.170,0.019,0.055,0.330,0.000,0.120,0.033
,,,,27,0.420,0.170,0.023,0.065,0.370,0.000,0.143,0.037
,,,,28,0.290,0.150,0.029,0.067,0.303,0.000,0.140,0.030
,,,,29,0.350,0.140,0.031,0.070,0.350,0.000,0.150,0.035
,,,,30,0.360,0.130,0.036,0.070,0.353,0.000,0.163,0.035
,,,,31,0.310,0.120,0.043,0.082,0.387,0.000,0.190,0.039
,,,,32,0.370,0.130,0.044,0.073,0.330,0.000,0.183,0.033
,,,,33,0.470,0.080,0.036,0.075,0.360,0.000,0.150,0.036
,,,,34,0.390,0.050,0.042,0.072,0.353,0.000,0.157,0.035
,,,,35,0.380,0.080,0.047,0.074,0.367,0.000,0.183,0.037
,,,,36,0.390,0.140,0.049,0.078,0.387,0.000,0.210,0.039
,,,,37,0.350,0.140,0.037,0.087,0.407,0.000,0.170,0.041
,,,,38,0.360,0.150,0.031,0.103,0.510,0.000,0.153,0.051
,,,,39,0.420,0.160,0.045,0.074,0.380,0.000,0.220,0.038
,,,,40,0.420,0.160,0.033,0.077,0.393,0.000,0.163,0.039
,,,,41,0.500,0.190,0.036,0.093,0.473,0.000,0.187,0.047
,,,,42,0.520,0.170,0.032,0.077,0.420,0.000,0.163,0.042
,,,,43,0.570,0.200,0.038,0.077,0.443,0.000,0.217,0.044
,,,,44,0.560,0.120,0.046,0.086,0.467,0.000,0.177,0.047
,,,,45,0.400,0.130,0.046,0.098,0.407,0.000,0.203,0.041
,,,,46,0.480,0.130,0.039,0.091,0.480,0.000,0.170,0.048
,,,,47,0.330,0.170,0.044,0.115,0.447,0.000,0.203,0.045
,,,,48,0.430,0.260,0.053,0.097,0.490,0.000,0.260,0.049
,,,,49,0.550,0.310,0.061,0.101,0.603,0.000,0.303,0.060
,,,,50,0.460,0.240,0.054,0.101,0.537,0.000,0.243,0.054
,,,,51,0.510,0.250,0.066,0.091,0.497,0.000,0.293,0.050
,,,,52,0.550,0.200,0.046,0.103,0.517,0.000,0.213,0.052
,,,,53,0.490,0.190,0.055,0.123,0.593,0.000,0.270,0.059
,,,,54,0.550,0.180,0.048,0.114,0.577,0.000,0.233,0.058
,,,,55,0.640,0.230,0.044,0.087,0.490,0.000,0.220,0.049
,,,,56,0.580,0.280,0.058,0.115,0.527,0.000,0.290,0.053
,,,,57,0.570,0.240,0.043,0.112,0.597,0.000,0.223,0.060
,,,,58,0.670,0.250,0.051,0.133,0.727,0.000,0.277,0.073
,,,,59,0.780,0.240,0.050,0.094,0.583,0.000,0.263,0.058
,,,,60,0.800,0.210,0.045,0.102,0.657,0.000,0.200,0.066
,,,,61,0.610,0.280,0.043,0.125,0.647,0.000,0.243,0.065
,,,,62,0.750,0.290,0.039,0.111,0.597,0.000,0.223,0.060
,,,,63,0.680,0.330,0.040,0.092,0.517,0.000,0.257,0.052
,,,,64,0.580,0.260,0.046,0.100,0.533,0.000,0.260,0.053
,,,,65,0.550,0.280,0.048,0.104,0.523,0.000,0.257,0.052
,,,,66,0.460,0.240,0.067,0.106,0.503,0.000,0.320,0.050
,,,,67,0.400,0.260,0.078,0.105,0.473,0.000,0.380,0.047
,,,,68,0.510,0.290,0.068,0.105,0.523,0.000,0.327,0.052
,,,,69,0.680,0.360,0.064,0.131,0.667,0.000,0.330,0.067
,,,,70,0.760,0.310,0.073,0.127,0.650,0.000,0.347,0.065
,,,,71,0.620,0.290,0.069,0.107,0.573,0.000,0.320,0.057
,,,,72,0.530,0.270,0.066,0.118,0.640,0.000,0.307,0.064
,,,,73,0.590,0.280,0.061,0.106,0.560,0.000,0.283,0.056
,,,,74,0.680,0.280,0.061,0.093,0.517,0.000,0.280,0.052
,,,,75,0.400,0.300,0.049,0.077,0.390,0.000,0.263,0.039
,,,,76,0.500,0.360,0.058,0.086,0.437,0.000,0.310,0.044
,,,,77,0.370,0.310,0.065,0.102,0.420,0.000,0.320,0.042
,,,,78,0.330,0.340,0.066,0.098,0.430,0.000,0.333,0.043
,,,,79,0.300,0.360,0.079,0.092,0.400,0.000,0.367,0.040
,,,,80,0.410,0.360,0.095,0.097,0.497,0.000,0.440,0.050
,,,,81,0.290,0.370,0.083,0.107,0.413,0.000,0.403,0.041
,,,,82,0.370,0.280,0.076,0.080,0.387,0.000,0.360,0.039
,,,,83,0.520,0.260,0.064,0.077,0.417,0.000,0.300,0.042
,,,,84,0.530,0.330,0.070,0.098,0.510,0.000,0.340,0.051
,,,,85,0.550,0.330,0.068,0.078,0.437,0.000,0.333,0.044
,,,,86,0.620,0.390,0.064,0.097,0.523,0.000,0.340,0.052
,,,,87,0.530,0.490,0.069,0.080,0.470,0.000,0.387,0.047
,,,,88,0.480,0.430,0.056,0.084,0.430,0.000,0.310,0.043
,,,,89,0.490,0.380,0.053,0.070,0.383,0.000,0.290,0.038
,,,,90,0.470,0.330,0.068,0.071,0.360,0.000,0.370,0.036
,,,,91,0.370,0.330,0.054,0.060,0.317,0.000,0.290,0.032
,,,,92,0.350,0.310,0.052,0.057,0.287,0.000,0.287,0.029
,,,,93,0.310,0.390,0.056,0.065,0.290,0.000,0.303,0.029
,,,,94,0.310,0.430,0.053,0.067,0.357,0.000,0.320,0.036
,,,,95,0.330,0.330,0.057,0.080,0.417,0.000,0.293,0.042
,,,,96,0.400,0.380,0.067,0.071,0.363,0.000,0.347,0.036
,,,,97,0.320,0.410,0.084,0.067,0.327,0.000,0.413,0.033
,,,,98,0.300,0.210,0.070,0.060,0.297,0.000,0.303,0.030
,,,,99,0.440,0.190,0.068,0.056,0.317,0.000,0.297,0.032
,,,,100,0.460,0.170,0.050,0.046,0.290,0.000,0.217,0.029
,,,,101,0.430,0.160,0.054,0.055,0.333,0.000,0.233,0.033
,,,,102,0.420,0.250,0.059,0.043,0.283,0.000,0.277,0.028
,,,,103,0.380,0.350,0.064,0.041,0.250,0.000,0.323,0.025
,,,,104,0.290,0.400,0.063,0.041,0.257,0.000,0.387,0.026
,,,,105,0.240,0.370,0.063,0.047,0.213,0.000,0.317,0.021
,,,,106,0.190,0.290,0.054,0.036,0.197,0.000,0.277,0.020
,,,,107,0.260,0.390,0.053,0.040,0.263,0.000,0.310,0.026
,,,,108,0.160,0.320,0.055,0.040,0.177,0.000,0.283,0.018
,,,,109,0.180,0.330,0.051,0.035,0.173,0.000,0.263,0.017
,,,,110,0.190,0.200,0.058,0.036,0.180,0.000,0.243,0.018
,,,,111,0.230,0.270,0.058,0.031,0.170,0.000,0.277,0.017
,,,,112,0.240,0.250,0.060,0.033,0.180,0.000,0.283,0.018
,,,,113,0.110,0.320,0.067,0.027,0.123,0.000,0.340,0.012
,,,,114,0.100,0.380,0.054,0.021,0.100,0.000,0.290,0.010
,,,,115,0.090,0.350,0.061,0.025,0.113,0.000,0.340,0.011
,,,,116,0.080,0.400,0.051,0.015,0.077,0.000,0.283,0.008
,,,,117,0.060,0.330,0.050,0.015,0.077,0.000,0.260,0.008
,,,,118,0.050,0.300,0.049,0.017,0.083,0.000,0.257,0.008
,,,,119,0.050,0.370,0.055,0.006,0.030,0.000,0.320,0.003
,,,,120,0.010,0.300,0.056,0.003,0.013,0.000,0.283,0.001
,,,,121,0.010,0.230,0.056,0.002,0.010,0.000,0.257,0.001
,,,,122,0.010,0.230,0.054,0.001,0.007,0.000,0.257,0.001
,,,,123,0.030,0.270,0.057,0.001,0.013,0.000,0.267,0.001
,,,,124,0.030,0.260,0.052,0.004,0.023,0.000,0.263,0.002
,,,,125,0.020,0.310,0.055,0.009,0.037,0.000,0.287,0.004
,,,,126,0.010,0.260,0.044,0.012,0.043,0.000,0.233,0.004
,,,,127,0.030,0.330,0.042,0.014,0.057,0.000,0.243,0.006
,,,,128,0.070,0.320,0.042,0.012,0.063,0.000,0.247,0.006
,,,,129,0.080,0.300,0.050,0.017,0.083,0.000,0.250,0.008
,,,,130,0.120,0.290,0.045,0.016,0.090,0.000,0.237,0.009
,,,,131,0.090,0.290,0.050,0.018,0.087,0.000,0.267,0.009
,,,,132,0.120,0.260,0.046,0.023,0.113,0.000,0.237,0.011
,,,,133,0.160,0.270,0.040,0.028,0.143,0.000,0.240,0.014
,,,,134,0.130,0.260,0.046,0.034,0.157,0.000,0.237,0.016
,,,,135,0.150,0.300,0.049,0.037,0.190,0.000,0.257,0.019
,,,,136,0.180,0.300,0.060,0.050,0.220,0.000,0.310,0.022
,,,,137,0.180,0.340,0.052,0.055,0.243,0.000,0.277,0.024
,,,,138,0.190,0.380,0.053,0.050,0.230,0.000,0.347,0.023
,,,,139,0.290,0.240,0.068,0.048,0.247,0.000,0.307,0.025
,,,,140,0.220,0.190,0.068,0.049,0.200,0.000,0.267,0.020
,,,,141,0.290,0.210,0.071,0.044,0.237,0.000,0.270,0.024
,,,,142,0.310,0.140,0.084,0.045,0.243,0.000,0.323,0.024
,,,,143,0.410,0.180,0.034,0.054,0.307,0.000,0.187,0.031
,,,,144,0.460,0.180,0.030,0.046,0.320,0.000,0.160,0.032
,,,,145,0.350,0.160,0.028,0.063,0.327,0.000,0.147,0.033
,,,,146,0.380,0.140,0.028,0.067,0.340,0.000,0.140,0.034
,,,,147,0.460,0.180,0.033,0.069,0.347,0.000,0.170,0.035
,,,,148,0.390,0.180,0.029,0.069,0.380,0.000,0.153,0.038
,,,,149,0.300,0.160,0.032,0.073,0.320,0.000,0.163,0.032
,,,,150,0.380,0.210,0.024,0.057,0.297,0.000,0.150,0.030
,,,,151,0.320,0.230,0.024,0.065,0.320,0.000,0.133,0.032
,,,,152,0.390,0.190,0.024,0.066,0.360,0.000,0.140,0.036
,,,,153,0.400,0.220,0.025,0.086,0.427,0.000,0.173,0.043
,,,,154,0.530,0.170,0.032,0.080,0.427,0.000,0.150,0.043
,,,,155,0.500,0.180,0.029,0.083,0.437,0.000,0.157,0.044
,,,,156,0.470,0.210,0.029,0.089,0.473,0.000,0.167,0.047
,,,,157,0.570,0.190,0.029,0.098,0.583,0.000,0.160,0.058
,,,,158,0.480,0.230,0.033,0.093,0.460,0.000,0.190,0.046
,,,,159,0.490,0.200,0.030,0.089,0.440,0.000,0.163,0.044
,,,,160,0.660,0.120,0.030,0.092,0.563,0.000,0.140,0.056
,,,,161,0.510,0.130,0.029,0.092,0.480,0.000,0.150,0.048
,,,,162,0.570,0.030,0.030,0.097,0.500,0.000,0.097,0.050
,,,,163,0.570,0.060,0.025,0.115,0.610,0.000,0.103,0.061
,,,,164,0.560,0.050,0.022,0.090,0.507,0.000,0.090,0.051
,,,,165,0.570,0.080,0.017,0.103,0.527,0.000,0.083,0.053
,,,,166,0.510,0.030,0.017,0.113,0.500,0.000,0.083,0.050
,,,,167,0.560,0.040,0.019,0.094,0.477,0.000,0.093,0.048
,,,,168,0.660,0.040,0.009,0.086,0.543,0.000,0.043,0.054
,,,,169,0.460,0.030,0.011,0.089,0.450,0.000,0.057,0.045
,,,,170,0.460,0.040,0.010,0.088,0.440,0.000,0.047,0.044
,,,,171,0.400,0.050,0.011,0.082,0.413,0.000,0.053,0.041
,,,,172,0.490,0.050,0.007,0.093,0.477,0.000,0.043,0.048
,,,,173,0.610,0.070,0.006,0.110,0.587,0.000,0.043,0.059
,,,,174,0.770,0.080,0.008,0.081,0.483,0.000,0.053,0.048
,,,,175,0.820,0.080,0.010,0.094,0.623,0.000,0.053,0.062
,,,,176,0.570,0.080,0.011,0.115,0.587,0.000,0.057,0.059
,,,,177,0.400,0.030,0.012,0.107,0.540,0.000,0.037,0.054
,,,,178,0.360,0.010,0.008,0.135,0.670,0.000,0.020,0.067
,,,,179,0.430,0.010,0.005,0.100,0.477,0.000,0.013,0.048
,,,,180,0.580,0.020,0.003,0.112,0.547,0.000,0.017,0.055
,,,,181,0.680,0.020,0.003,0.110,0.693,0.000,0.017,0.069
,,,,182,0.600,0.020,0.001,0.114,0.577,0.000,0.017,0.058
,,,,183,0.570,0.010,0.003,0.142,0.707,0.000,0.013,0.071
,,,,184,0.680,0.020,0.005,0.130,0.663,0.000,0.023,0.066
,,,,185,0.600,0.020,0.005,0.116,0.557,0.000,0.023,0.056
,,,,186,0.710,0.020,0.005,0.088,0.637,0.000,0.023,0.064
,,,,187,0.620,0.040,0.005,0.096,0.513,0.000,0.030,0.051
,,,,188,0.670,0.040,0.006,0.079,0.467,0.000,0.033,0.047
,,,,189,0.640,0.030,0.006,0.108,0.597,0.000,0.033,0.060
,,,,190,0.750,0.040,0.009,0.085,0.483,0.000,0.047,0.048
,,,,191,0.610,0.040,0.009,0.094,0.517,0.000,0.050,0.052
,,,,192,0.580,0.050,0.013,0.112,0.520,0.000,0.070,0.052
,,,,193,0.620,0.030,0.014,0.109,0.547,0.000,0.057,0.055
,,,,194,0.510,0.070,0.015,0.106,0.533,0.000,0.073,0.053
,,,,195,0.580,0.100,0.011,0.120,0.600,0.000,0.067,0.060
,,,,196,0.490,0.070,0.013,0.119,0.603,0.000,0.067,0.060
,,,,197,0.400,0.090,0.015,0.111,0.543,0.000,0.077,0.054
,,,,198,0.490,0.070,0.022,0.099,0.477,0.000,0.097,0.048
,,,,199,0.570,0.110,0.022,0.112,0.580,0.000,0.120,0.058
,,,,200,0.560,0.110,0.025,0.099,0.517,0.000,0.120,0.052
,,,,201,0.590,0.100,0.028,0.092,0.493,0.000,0.127,0.049
,,,,202,0.530,0.150,0.027,0.086,0.460,0.000,0.137,0.046
,,,,203,0.520,0.150,0.032,0.114,0.580,0.000,0.150,0.058
,,,,204,0.580,0.090,0.026,0.091,0.473,0.000,0.117,0.047
,,,,205,0.450,0.080,0.026,0.091,0.453,0.000,0.113,0.045
,,,,206,0.510,0.090,0.036,0.106,0.527,0.000,0.153,0.053
,,,,207,0.420,0.150,0.026,0.104,0.440,0.000,0.127,0.044
,,,,208,0.430,0.150,0.021,0.075,0.387,0.000,0.123,0.039
,,,,209,0.430,0.180,0.025,0.078,0.380,0.000,0.140,0.038
,,,,210,0.290,0.210,0.024,0.085,0.370,0.000,0.157,0.037
,,,,211,0.330,0.190,0.028,0.078,0.387,0.000,0.153,0.039
,,,,212,0.280,0.290,0.029,0.072,0.340,0.000,0.190,0.034
,,,,213,0.390,0.340,0.021,0.087,0.413,0.000,0.233,0.041
,,,,214,0.270,0.180,0.025,0.062,0.293,0.000,0.137,0.029
,,,,215,0.330,0.160,0.027,0.068,0.337,0.000,0.140,0.034
,,,,216,0.480,0.210,0.028,0.062,0.363,0.000,0.157,0.036
,,,,217,0.420,0.190,0.030,0.064,0.353,0.000,0.163,0.035
,,,,218,0.400,0.260,0.028,0.071,0.370,0.000,0.173,0.037
,,,,219,0.380,0.260,0.033,0.056,0.300,0.000,0.200,0.030
,,,,220,0.450,0.250,0.034,0.060,0.327,0.000,0.197,0.033
,,,,221,0.270,0.280,0.034,0.053,0.263,0.000,0.207,0.026
,,,,222,0.170,0.220,0.044,0.065,0.230,0.000,0.220,0.023
,,,,223,0.190,0.250,0.044,0.048,0.210,0.000,0.243,0.021
,,,,224,0.170,0.230,0.048,0.048,0.223,0.000,0.217,0.022
,,,,225,0.190,0.220,0.049,0.046,0.217,0.000,0.207,0.022
,,,,226,0.190,0.120,0.056,0.036,0.183,0.000,0.213,0.018
,,,,227,0.270,0.180,0.058,0.030,0.183,0.000,0.260,0.018
,,,,228,0.260,0.210,0.058,0.044,0.243,0.000,0.240,0.024
,,,,229,0.320,0.250,0.070,0.041,0.227,0.000,0.293,0.023
,,,,230,0.280,0.300,0.051,0.044,0.210,0.000,0.257,0.021
,,,,231,0.200,0.250,0.063,0.030,0.173,0.000,0.287,0.017
,,,,232,0.180,0.190,0.052,0.029,0.157,0.000,0.233,0.016
,,,,233,0.160,0.180,0.057,0.028,0.133,0.000,0.250,0.013
,,,,234,0.110,0.210,0.053,0.024,0.113,0.000,0.243,0.011
,,,,235,0.110,0.220,0.053,0.021,0.100,0.000,0.250,0.010
,,,,236,0.120,0.220,0.058,0.024,0.113,0.000,0.260,0.011
,,,,237,0.050,0.270,0.057,0.016,0.070,0.000,0.280,0.007
,,,,238,0.040,0.230,0.049,0.015,0.070,0.000,0.240,0.007
,,,,239,0.060,0.300,0.056,0.009,0.047,0.000,0.283,0.005
,,,,240,0.040,0.350,0.058,0.006,0.033,0.000,0.320,0.003
,,,,241,0.030,0.250,0.056,0.002,0.017,0.000,0.290,0.002
,,,,242,0.050,0.290,0.049,0.003,0.027,0.000,0.257,0.003
,,,,243,0.040,0.290,0.050,0.003,0.023,0.000,0.253,0.002
,,,,244,0.060,0.290,0.053,0.003,0.030,0.000,0.290,0.003
,,,,245,0.050,0.330,0.037,0.005,0.033,0.000,0.227,0.003
,,,,246,0.070,0.310,0.043,0.009,0.053,0.000,0.243,0.005
,,,,247,0.100,0.400,0.050,0.015,0.090,0.000,0.287,0.009
,,,,248,0.070,0.320,0.048,0.020,0.087,0.000,0.273,0.009
,,,,249,0.080,0.330,0.057,0.018,0.083,0.000,0.297,0.008
,,,,250,0.100,0.310,0.072,0.019,0.093,0.000,0.360,0.009
,,,,251,0.100,0.270,0.049,0.028,0.130,0.000,0.247,0.013
,,,,252,0.120,0.380,0.054,0.028,0.133,0.000,0.300,0.013
,,,,253,0.160,0.310,0.044,0.026,0.137,0.000,0.247,0.014
,,,,254,0.210,0.300,0.049,0.032,0.163,0.000,0.267,0.016
,,,,255,0.180,0.350,0.039,0.035,0.180,0.000,0.243,0.018
,,,,256,0.200,0.290,0.044,0.044,0.213,0.000,0.257,0.021
,,,,257,0.220,0.250,0.055,0.044,0.210,0.000,0.300,0.021
,,,,258,0.300,0.240,0.047,0.047,0.250,0.000,0.250,0.025
,,,,259,0.320,0.160,0.053,0.061,0.293,0.000,0.230,0.029
,,,,260,0.330,0.220,0.055,0.048,0.273,0.000,0.257,0.027
,,,,261,0.360,0.330,0.054,0.064,0.340,0.000,0.343,0.034
,,,,262,0.290,0.300,0.059,0.060,0.293,0.000,0.290,0.029
,,,,263,0.360,0.440,0.068,0.062,0.373,0.000,0.407,0.037
,,,,264,0.280,0.420,0.068,0.063,0.290,0.000,0.367,0.029
,,,,265,0.230,0.450,0.065,0.078,0.357,0.000,0.357,0.036
,,,,266,0.230,0.350,0.067,0.091,0.427,0.000,0.340,0.043
,,,,267,0.220,0.410,0.064,0.069,0.317,0.000,0.343,0.032
,,,,268,0.290,0.520,0.063,0.078,0.343,0.000,0.343,0.034
,,,,269,0.230,0.390,0.079,0.059,0.273,0.000,0.377,0.027
,,,,270,0.270,0.510,0.097,0.070,0.323,0.000,0.480,0.032
,,,,271,0.270,0.410,0.078,0.084,0.377,0.000,0.397,0.038
,,,,272,0.240,0.490,0.074,0.079,0.353,0.000,0.377,0.035
,,,,273,0.360,0.320,0.059,0.072,0.340,0.000,0.313,0.034
,,,,274,0.320,0.390,0.056,0.078,0.363,0.000,0.297,0.036
,,,,275,0.370,0.320,0.057,0.085,0.410,0.000,0.293,0.041
,,,,276,0.400,0.320,0.074,0.083,0.393,0.000,0.397,0.039
,,,,277,0.380,0.380,0.083,0.073,0.377,0.000,0.413,0.038
,,,,278,0.470,0.390,0.080,0.070,0.360,0.000,0.400,0.036
,,,,279,0.480,0.390,0.078,0.084,0.467,0.000,0.380,0.047
,,,,280,0.450,0.480,0.092,0.092,0.457,0.000,0.457,0.046
,,,,281,0.490,0.270,0.060,0.091,0.470,0.000,0.297,0.047
,,,,282,0.630,0.320,0.077,0.095,0.507,0.000,0.370,0.051
,,,,283,0.740,0.370,0.062,0.112,0.600,0.000,0.270,0.060
,,,,284,0.460,0.170,0.072,0.081,0.407,0.000,0.300,0.041
,,,,285,0.650,0.210,0.071,0.091,0.540,0.000,0.303,0.054
,,,,286,0.590,0.250,0.082,0.079,0.470,0.000,0.363,0.047
,,,,287,0.740,0.310,0.056,0.103,0.643,0.000,0.290,0.064
,,,,288,0.550,0.350,0.076,0.111,0.540,0.000,0.347,0.054
,,,,289,0.530,0.330,0.060,0.109,0.553,0.000,0.310,0.055
,,,,290,0.490,0.310,0.068,0.112,0.520,0.000,0.330,0.052
,,,,291,0.420,0.280,0.068,0.098,0.490,0.000,0.320,0.049
,,,,292,0.420,0.320,0.064,0.102,0.473,0.000,0.317,0.047
,,,,293,0.480,0.440,0.050,0.128,0.573,0.000,0.280,0.057
,,,,294,0.450,0.310,0.041,0.110,0.517,0.000,0.240,0.052
,,,,295,0.540,0.380,0.047,0.092,0.483,0.000,0.277,0.048
,,,,296,0.710,0.340,0.059,0.094,0.503,0.000,0.300,0.050
,,,,297,0.580,0.310,0.051,0.099,0.523,0.000,0.287,0.052
,,,,298,0.600,0.190,0.060,0.089,0.497,0.000,0.250,0.050
,,,,299,0.490,0.240,0.043,0.102,0.503,0.000,0.220,0.050
,,,,300,0.480,0.290,0.041,0.108,0.513,0.000,0.220,0.051
,,,,301,0.390,0.310,0.039,0.098,0.450,0.000,0.223,0.045
,,,,302,0.460,0.260,0.057,0.106,0.507,0.000,0.267,0.051
,,,,303,0.580,0.290,0.050,0.121,0.597,0.000,0.260,0.060
,,,,304,0.550,0.320,0.050,0.103,0.527,0.000,0.290,0.053
,,,,305,0.550,0.230,0.055,0.119,0.580,0.000,0.257,0.058
,,,,306,0.540,0.220,0.050,0.102,0.527,0.000,0.240,0.053
,,,,307,0.650,0.160,0.054,0.098,0.567,0.000,0.237,0.057
,,,,308,0.570,0.220,0.049,0.124,0.623,0.000,0.233,0.062
,,,,309,0.690,0.270,0.061,0.104,0.557,0.000,0.290,0.056
,,,,310,0.540,0.240,0.049,0.101,0.507,0.000,0.233,0.051
,,,,311,0.580,0.170,0.042,0.099,0.503,0.000,0.197,0.050
,,,,312,0.530,0.210,0.050,0.086,0.510,0.000,0.223,0.051
,,,,313,0.550,0.270,0.042,0.100,0.517,0.000,0.230,0.052
,,,,314,0.660,0.310,0.036,0.110,0.543,0.000,0.220,0.054
,,,,315,0.550,0.360,0.036,0.100,0.513,0.000,0.237,0.051
,,,,316,0.510,0.370,0.048,0.083,0.443,0.000,0.253,0.044
,,,,317,0.500,0.250,0.039,0.079,0.430,0.000,0.213,0.043
,,,,318,0.530,0.230,0.049,0.093,0.490,0.000,0.227,0.049
,,,,319,0.470,0.300,0.064,0.093,0.473,0.000,0.300,0.047
,,,,320,0.460,0.260,0.057,0.086,0.437,0.000,0.283,0.044
,,,,321,0.480,0.230,0.048,0.086,0.430,0.000,0.237,0.043
,,,,322,0.450,0.230,0.048,0.093,0.457,0.000,0.237,0.046
,,,,323,0.350,0.200,0.047,0.112,0.527,0.000,0.223,0.053
,,,,324,0.340,0.200,0.041,0.101,0.427,0.000,0.200,0.043
,,,,325,0.530,0.210,0.045,0.112,0.540,0.000,0.220,0.054
,,,,326,0.470,0.220,0.036,0.119,0.567,0.000,0.187,0.057
,,,,327,0.480,0.150,0.026,0.085,0.443,0.000,0.137,0.044
,,,,328,0.460,0.210,0.026,0.104,0.480,0.000,0.150,0.048
,,,,329,0.510,0.170,0.030,0.129,0.580,0.000,0.133,0.058
,,,,330,0.310,0.130,0.025,0.100,0.440,0.000,0.127,0.044
,,,,331,0.370,0.100,0.030,0.105,0.473,0.000,0.127,0.047
,,,,332,0.370,0.150,0.035,0.106,0.450,0.000,0.163,0.045
,,,,333,0.360,0.190,0.040,0.097,0.407,0.000,0.197,0.041
,,,,334,0.320,0.180,0.042,0.070,0.357,0.000,0.193,0.036
,,,,335,0.300,0.150,0.044,0.062,0.307,0.000,0.197,0.031
,,,,336,0.320,0.130,0.037,0.073,0.363,0.000,0.160,0.036
,,,,337,0.310,0.080,0.030,0.054,0.277,0.000,0.127,0.028
,,,,338,0.290,0.080,0.024,0.066,0.327,0.000,0.107,0.033
,,,,339,0.260,0.090,0.024,0.057,0.280,0.000,0.110,0.028
,,,,340,0.180,0.100,0.027,0.050,0.233,0.000,0.123,0.023
,,,,341,0.260,0.060,0.020,0.059,0.277,0.000,0.090,0.028
,,,,342,0.260,0.100,0.026,0.062,0.297,0.000,0.137,0.030
,,,,343,0.270,0.080,0.033,0.059,0.290,0.000,0.133,0.029
,,,,344,0.240,0.080,0.028,0.048,0.237,0.000,0.123,0.024
,,,,345,0.170,0.070,0.027,0.045,0.200,0.000,0.120,0.020
,,,,346,0.110,0.100,0.027,0.039,0.167,0.000,0.120,0.017
,,,,347,0.120,0.120,0.025,0.032,0.147,0.000,0.117,0.015
,,,,348,0.120,0.100,0.024,0.033,0.150,0.000,0.107,0.015
,,,,349,0.100,0.060,0.022,0.032,0.137,0.000,0.097,0.014
,,,,350,0.130,0.070,0.015,0.033,0.147,0.000,0.063,0.015
,,,,351,0.100,0.060,0.020,0.039,0.160,0.000,0.063,0.016
,,,,352,0.090,0.040,0.009,0.038,0.157,0.000,0.040,0.016
,,,,353,0.120,0.070,0.013,0.031,0.140,0.000,0.063,0.014
,,,,354,0.140,0.100,0.015,0.020,0.103,0.000,0.080,0.010
,,,,355,0.100,0.070,0.012,0.019,0.107,0.000,0.063,0.011
,,,,356,0.110,0.080,0.006,0.022,0.127,0.000,0.047,0.013
,,,,357,0.030,0.060,0.005,0.016,0.060,0.000,0.027,0.006
,,,,358,0.030,0.060,0.006,0.013,0.053,0.000,0.030,0.005
,,,,359,0.020,0.040,0.003,0.014,0.053,0.000,0.023,0.005
,,,,360,0.020,0.040,0.003,0.015,0.060,0.000,0.023,0.006
,,,,361,0.010,0.050,0.002,0.007,0.027,0.000,0.023,0.003
,,,,362,0.020,0.060,0.002,0.003,0.017,0.000,0.027,0.002
,,,,363,0.030,0.040,0.002,0.001,0.017,0.000,0.023,0.002
,,,,364,0.020,0.050,0.004,0.001,0.010,0.000,0.033,0.001
,,,,365,0.010,0.040,0.007,0.002,0.010,0.000,0.037,0.001
,,,,366,0.010,0.050,0.006,0.003,0.013,0.000,0.043,0.001
,,,,367,0.030,0.030,0.008,0.007,0.033,0.000,0.033,0.003
,,,,368,0.070,0.040,0.008,0.015,0.073,0.000,0.040,0.007
,,,,369,0.070,0.060,0.009,0.017,0.083,0.000,0.053,0.008
,,,,370,0.090,0.060,0.016,0.024,0.110,0.000,0.070,0.011
,,,,371,0.080,0.080,0.018,0.028,0.127,0.000,0.087,0.013
,,,,372,0.080,0.110,0.024,0.029,0.127,0.000,0.117,0.013
,,,,373,0.120,0.120,0.023,0.038,0.173,0.000,0.117,0.017
,,,,374,0.100,0.140,0.028,0.032,0.150,0.000,0.140,0.015
,,,,375,0.170,0.110,0.019,0.034,0.170,0.000,0.100,0.017
,,,,376,0.200,0.100,0.027,0.035,0.187,0.000,0.127,0.019
,,,,377,0.210,0.150,0.027,0.029,0.170,0.000,0.137,0.017
,,,,378,0.190,0.190,0.036,0.030,0.163,0.000,0.177,0.016
,,,,379,0.230,0.160,0.034,0.034,0.177,0.000,0.167,0.018
,,,,380,0.230,0.170,0.033,0.032,0.190,0.000,0.167,0.019
,,,,381,0.310,0.160,0.038,0.045,0.283,0.000,0.173,0.028
,,,,382,0.260,0.220,0.038,0.053,0.243,0.000,0.197,0.024
,,,,383,0.240,0.240,0.032,0.059,0.277,0.000,0.230,0.028
,,,,384,0.270,0.200,0.037,0.067,0.307,0.000,0.193,0.031
,,,,385,0.270,0.210,0.038,0.075,0.333,0.000,0.197,0.033
,,,,386,0.280,0.220,0.048,0.077,0.353,0.000,0.223,0.035
,,,,387,0.350,0.240,0.054,0.082,0.417,0.000,0.233,0.042
,,,,388,0.320,0.190,0.061,0.070,0.340,0.000,0.263,0.034
,,,,389,0.340,0.160,0.056,0.072,0.353,0.000,0.233,0.035
,,,,390,0.350,0.290,0.070,0.065,0.333,0.000,0.323,0.033
,,,,391,0.320,0.310,0.057,0.066,0.323,0.000,0.290,0.032
,,,,392,0.430,0.390,0.072,0.083,0.413,0.000,0.367,0.041
,,,,393,0.460,0.340,0.067,0.078,0.403,0.000,0.333,0.040
,,,,394,0.440,0.490,0.084,0.073,0.370,0.000,0.440,0.037
,,,,395,0.530,0.330,0.093,0.064,0.357,0.000,0.487,0.036
,,,,396,0.380,0.300,0.059,0.065,0.337,0.000,0.297,0.034
,,,,397,0.350,0.350,0.060,0.071,0.353,0.000,0.323,0.035
,,,,398,0.470,0.430,0.084,0.080,0.397,0.000,0.430,0.040
,,,,399,0.400,0.310,0.069,0.100,0.433,0.000,0.320,0.043
,,,,400,0.460,0.320,0.086,0.101,0.500,0.000,0.367,0.050
,,,,401,0.410,0.320,0.095,0.121,0.530,0.000,0.383,0.053
,,,,402,0.410,0.320,0.084,0.108,0.520,0.000,0.383,0.052
,,,,403,0.460,0.370,0.096,0.093,0.463,0.000,0.457,0.046
,,,,404,0.560,0.330,0.094,0.097,0.533,0.000,0.393,0.053
,,,,405,0.570,0.390,0.084,0.112,0.560,0.000,0.427,0.056
,,,,406,0.510,0.440,0.109,0.098,0.487,0.000,0.490,0.049
,,,,407,0.400,0.420,0.090,0.089,0.427,0.000,0.417,0.043
,,,,408,0.340,0.550,0.088,0.103,0.447,0.000,0.473,0.045
,,,,409,0.470,0.490,0.094,0.109,0.513,0.000,0.467,0.051
,,,,410,0.380,0.540,0.079,0.105,0.470,0.000,0.430,0.047
,,,,411,0.510,0.520,0.091,0.120,0.570,0.000,0.497,0.057
,,,,412,0.560,0.480,0.084,0.113,0.560,0.000,0.440,0.056
,,,,413,0.640,0.630,0.084,0.110,0.580,0.000,0.573,0.058
,,,,414,0.570,0.470,0.093,0.103,0.563,0.000,0.467,0.056
,,,,415,0.640,0.520,0.100,0.099,0.513,0.000,0.557,0.051
,,,,416,0.470,0.480,0.100,0.097,0.470,0.000,0.493,0.047
,,,,417,0.460,0.500,0.095,0.100,0.463,0.000,0.480,0.046
,,,,418,0.420,0.450,0.105,0.115,0.517,0.000,0.513,0.052
,,,,419,0.380,0.450,0.100,0.138,0.490,0.000,0.450,0.049
,,,,420,0.390,0.490,0.095,0.108,0.503,0.000,0.447,0.050
,,,,421,0.520,0.360,0.106,0.106,0.527,0.000,0.483,0.053
,,,,422,0.520,0.400,0.100,0.097,0.497,0.000,0.450,0.050
,,,,423,0.730,0.510,0.103,0.098,0.590,0.000,0.550,0.059
,,,,424,0.620,0.380,0.107,0.121,0.557,0.000,0.483,0.056
,,,,425,0.590,0.440,0.094,0.090,0.497,0.000,0.447,0.050
,,,,426,0.710,0.410,0.091,0.105,0.610,0.000,0.437,0.061
,,,,427,0.470,0.450,0.095,0.104,0.500,0.000,0.457,0.050
,,,,428,0.490,0.590,0.127,0.112,0.533,0.000,0.610,0.053
,,,,429,0.470,0.570,0.113,0.098,0.483,0.000,0.563,0.048
,,,,430,0.540,0.540,0.108,0.103,0.487,0.000,0.563,0.049
,,,,431,0.490,0.490,0.131,0.108,0.507,0.000,0.557,0.051
,,,,432,0.530,0.540,0.116,0.103,0.517,0.000,0.570,0.052
,,,,433,0.660,0.620,0.129,0.110,0.540,0.000,0.627,0.054
,,,,434,0.420,0.680,0.125,0.103,0.457,0.000,0.633,0.046
,,,,435,0.370,0.690,0.143,0.100,0.443,0.001,0.727,0.045
,,,,436,0.480,0.750,0.125,0.104,0.487,0.001,0.643,0.049
,,,,437,0.410,0.520,0.144,0.099,0.447,0.002,0.583,0.046
,,,,438,0.460,0.460,0.131,0.114,0.517,0.002,0.580,0.053
,,,,439,0.570,0.560,0.114,0.115,0.533,0.002,0.583,0.055
,,,,440,0.420,0.400,0.147,0.103,0.477,0.001,0.560,0.049
,,,,441,0.500,0.410,0.140,0.092,0.500,0.000,0.623,0.048
,,,,442,0.560,0.470,0.124,0.075,0.420,0.000,0.570,0.042
,,,,443,0.480,0.540,0.125,0.078,0.420,0.000,0.590,0.042
,,,,444,0.430,0.520,0.122,0.079,0.420,0.000,0.580,0.042
,,,,445,0.310,0.580,0.125,0.080,0.400,0.000,0.597,0.040
,,,,446,0.310,0.680,0.152,0.076,0.347,0.000,0.743,0.035
,,,,447,0.320,0.820,0.131,0.083,0.370,0.000,0.653,0.037
,,,,448,0.340,0.570,0.123,0.072,0.347,0.001,0.587,0.035
,,,,449,0.400,0.630,0.142,0.098,0.463,0.001,0.673,0.047
,,,,450,0.380,0.550,0.119,0.075,0.367,0.001,0.580,0.037
,,,,451,0.410,0.690,0.124,0.091,0.443,0.001,0.723,0.045
,,,,452,0.410,0.580,0.114,0.096,0.417,0.004,0.567,0.045
,,,,453,0.510,0.590,0.142,0.085,0.420,0.004,0.627,0.046
,,,,454,0.440,0.700,0.172,0.111,0.453,0.004,0.730,0.049
,,,,455,0.300,0.600,0.134,0.126,0.387,0.004,0.670,0.042
,,,,456,0.390,0.750,0.136,0.081,0.337,0.002,0.697,0.035
,,,,457,0.280,0.770,0.136,0.084,0.370,0.000,0.703,0.037
,,,,458,0.360,0.750,0.130,0.079,0.380,0.000,0.650,0.038
,,,,459,0.350,0.580,0.117,0.076,0.377,0.000,0.597,0.038
,,,,460,0.300,0.560,0.141,0.057,0.283,0.000,0.650,0.028
,,,,461,0.330,0.630,0.141,0.044,0.253,0.000,0.663,0.025
,,,,462,0.270,0.640,0.108,0.043,0.240,0.000,0.567,0.024
,,,,463,0.260,0.670,0.093,0.057,0.300,0.000,0.550,0.030
,,,,464,0.250,0.680,0.083,0.041,0.217,0.000,0.513,0.022
,,,,465,0.280,0.810,0.099,0.047,0.243,0.000,0.567,0.024
,,,,466,0.260,0.610,0.114,0.050,0.253,0.000,0.553,0.025
,,,,467,0.210,0.550,0.125,0.045,0.233,0.000,0.597,0.023
,,,,468,0.180,0.610,0.135,0.039,0.203,0.000,0.653,0.020
,,,,469,0.180,0.520,0.152,0.030,0.150,0.000,0.727,0.015
,,,,470,0.140,0.660,0.130,0.030,0.143,0.000,0.637,0.014
,,,,471,0.130,0.620,0.111,0.024,0.117,0.000,0.553,0.012
,,,,472,0.120,0.500,0.111,0.029,0.127,0.000,0.530,0.013
,,,,473,0.140,0.680,0.117,0.019,0.110,0.000,0.623,0.011
,,,,474,0.120,0.540,0.122,0.016,0.093,0.000,0.583,0.009
,,,,475,0.100,0.540,0.141,0.023,0.100,0.000,0.657,0.010
,,,,476,0.130,0.540,0.124,0.018,0.103,0.000,0.570,0.010
,,,,477,0.080,0.500,0.147,0.020,0.080,0.000,0.677,0.008
,,,,478,0.080,0.480,0.161,0.016,0.077,0.000,0.727,0.008
,,,,479,0.050,0.590,0.141,0.011,0.053,0.000,0.640,0.005
,,,,480,0.040,0.640,0.120,0.010,0.053,0.000,0.593,0.005
,,,,481,0.040,0.710,0.120,0.001,0.020,0.000,0.610,0.002
,,,,482,0.040,0.630,0.113,0.001,0.017,0.000,0.580,0.002
,,,,483,0.020,0.800,0.128,0.003,0.017,0.000,0.683,0.002
,,,,484,0.020,0.470,0.152,0.012,0.023,0.002,0.573,0.005
,,,,485,0.030,0.640,0.110,0.017,0.043,0.002,0.653,0.007
,,,,486,0.040,0.520,0.093,0.018,0.050,0.002,0.477,0.007
,,,,487,0.040,0.700,0.088,0.020,0.060,0.002,0.573,0.008
,,,,488,0.050,0.620,0.093,0.019,0.070,0.001,0.520,0.008
,,,,489,0.080,0.680,0.102,0.017,0.083,0.000,0.583,0.008
,,,,490,0.070,0.620,0.106,0.022,0.097,0.000,0.560,0.010
,,,,491,0.130,0.570,0.090,0.024,0.127,0.000,0.480,0.013
,,,,492,0.140,0.680,0.105,0.020,0.117,0.000,0.587,0.012
,,,,493,0.180,0.510,0.096,0.026,0.153,0.000,0.497,0.015
,,,,494,0.240,0.560,0.101,0.024,0.167,0.000,0.523,0.017
,,,,495,0.200,0.480,0.125,0.031,0.173,0.000,0.647,0.017
,,,,496,0.250,0.510,0.103,0.041,0.237,0.000,0.507,0.024
,,,,497,0.160,0.600,0.111,0.044,0.197,0.000,0.560,0.020
,,,,498,0.190,0.480,0.104,0.058,0.257,0.000,0.520,0.026
,,,,499,0.220,0.450,0.095,0.061,0.273,0.000,0.457,0.027
,,,,500,0.260,0.350,0.082,0.058,0.290,0.000,0.387,0.029
,,,,501,0.300,0.390,0.083,0.075,0.360,0.000,0.440,0.036
,,,,502,0.280,0.330,0.105,0.068,0.323,0.000,0.430,0.032
,,,,503,0.310,0.320,0.074,0.055,0.290,0.000,0.357,0.029
,,,,504,0.260,0.420,0.067,0.068,0.307,0.000,0.350,0.031
,,,,505,0.250,0.360,0.079,0.063,0.273,0.000,0.383,0.027
,,,,506,0.260,0.430,0.093,0.063,0.290,0.000,0.470,0.029
,,,,507,0.250,0.440,0.085,0.069,0.297,0.000,0.423,0.030
,,,,508,0.280,0.350,0.094,0.065,0.307,0.000,0.403,0.031
,,,,509,0.360,0.320,0.083,0.057,0.377,0.000,0.350,0.038
,,,,510,0.320,0.280,0.062,0.072,0.347,0.000,0.307,0.035
,,,,511,0.350,0.240,0.053,0.065,0.330,0.000,0.257,0.033
,,,,512,0.380,0.300,0.050,0.071,0.360,0.000,0.260,0.036
,,,,513,0.300,0.260,0.067,0.077,0.343,0.000,0.333,0.034
,,,,514,0.410,0.180,0.063,0.087,0.430,0.000,0.267,0.043
,,,,515,0.390,0.190,0.052,0.114,0.540,0.000,0.227,0.054
,,,,516,0.440,0.110,0.054,0.089,0.437,0.000,0.230,0.044
,,,,517,0.520,0.170,0.051,0.097,0.503,0.000,0.230,0.050
,,,,518,0.410,0.170,0.054,0.095,0.463,0.000,0.240,0.046
,,,,519,0.430,0.180,0.045,0.101,0.477,0.000,0.207,0.048
,,,,520,0.350,0.150,0.048,0.093,0.440,0.000,0.200,0.044
,,,,521,0.480,0.130,0.049,0.095,0.440,0.000,0.203,0.044
,,,,522,0.400,0.100,0.040,0.111,0.480,0.000,0.170,0.048
,,,,523,0.550,0.110,0.043,0.107,0.523,0.000,0.180,0.052
,,,,524,0.580,0.130,0.045,0.104,0.540,0.000,0.193,0.054
,,,,525,0.550,0.170,0.051,0.096,0.510,0.000,0.227,0.051
,,,,526,0.530,0.150,0.041,0.098,0.497,0.000,0.180,0.050
,,,,527,0.540,0.110,0.046,0.094,0.483,0.000,0.163,0.048
,,,,528,0.490,0.120,0.030,0.098,0.513,0.000,0.143,0.051
,,,,529,0.580,0.140,0.021,0.118,0.657,0.000,0.113,0.066
,,,,530,0.510,0.100,0.016,0.124,0.573,0.000,0.087,0.057
,,,,531,0.540,0.140,0.018,0.119,0.573,0.000,0.103,0.057
,,,,532,0.530,0.130,0.016,0.121,0.563,0.000,0.093,0.056
,,,,533,0.650,0.140,0.019,0.155,0.717,0.000,0.107,0.072
,,,,534,0.560,0.160,0.023,0.135,0.607,0.000,0.120,0.061
,,,,535,0.440,0.120,0.023,0.140,0.643,0.000,0.117,0.064
,,,,536,0.620,0.100,0.012,0.104,0.630,0.000,0.073,0.063
,,,,537,0.470,0.090,0.013,0.113,0.527,0.000,0.073,0.053
,,,,538,0.460,0.110,0.014,0.111,0.510,0.000,0.083,0.051
,,,,539,0.470,0.040,0.005,0.107,0.520,0.000,0.030,0.052
,,,,540,0.470,0.040,0.002,0.104,0.493,0.000,0.020,0.049
,,,,541,0.460,0.040,0.002,0.124,0.587,0.000,0.020,0.059
,,,,542,0.470,0.080,0.003,0.112,0.530,0.000,0.037,0.053
,,,,543,0.450,0.100,0.014,0.118,0.537,0.000,0.080,0.054
,,,,544,0.560,0.090,0.032,0.117,0.540,0.000,0.137,0.054
,,,,545,0.450,0.160,0.046,0.105,0.497,0.000,0.207,0.050
,,,,546,0.490,0.260,0.056,0.098,0.480,0.000,0.283,0.048
,,,,547,0.360,0.290,0.057,0.110,0.470,0.000,0.287,0.047
,,,,548,0.370,0.330,0.065,0.134,0.587,0.000,0.320,0.059
,,,,549,0.350,0.390,0.073,0.109,0.503,0.000,0.380,0.050
,,,,550,0.420,0.470,0.078,0.080,0.393,0.000,0.427,0.039
,,,,551,0.400,0.510,0.089,0.097,0.440,0.000,0.463,0.044
,,,,552,0.360,0.630,0.118,0.106,0.463,0.000,0.637,0.046
,,,,553,0.410,0.670,0.099,0.108,0.493,0.000,0.600,0.049
,,,,554,0.550,0.720,0.147,0.108,0.527,0.000,0.690,0.053
,,,,555,0.600,0.680,0.144,0.112,0.517,0.006,0.703,0.057
,,,,556,0.630,0.760,0.149,0.140,0.563,0.012,0.813,0.068
,,,,557,0.720,0.660,0.187,0.125,0.470,0.016,0.807,0.063
,,,,558,0.670,0.640,0.148,0.157,0.533,0.021,0.700,0.074
,,,,559,0.540,0.650,0.153,0.129,0.453,0.018,0.683,0.063
,,,,560,0.690,0.790,0.145,0.157,0.583,0.019,0.733,0.077
,,,,561,0.450,0.750,0.168,0.216,0.483,0.031,0.803,0.068
,,,,562,0.490,0.810,0.142,0.209,0.517,0.036,0.670,0.088
,,,,563,0.430,0.810,0.161,0.213,0.430,0.042,0.783,0.085
,,,,564,0.420,0.470,0.185,0.233,0.463,0.049,0.743,0.090
,,,,565,0.340,0.580,0.188,0.233,0.413,0.050,0.823,0.090
,,,,566,0.380,0.420,0.188,0.265,0.393,0.075,0.823,0.101
,,,,567,0.380,0.600,0.142,0.243,0.400,0.055,0.667,0.094
,,,,568,0.370,0.720,0.167,0.272,0.393,0.059,0.800,0.104
,,,,569,0.490,0.730,0.154,0.256,0.437,0.059,0.737,0.099
,,,,570,0.560,0.760,0.145,0.339,0.547,0.082,0.803,0.128
,,,,571,0.400,0.720,0.145,0.332,0.433,0.080,0.793,0.123
,,,,572,0.350,0.610,0.183,0.362,0.500,0.092,0.723,0.133
,,,,573,0.340,0.590,0.175,0.382,0.433,0.109,0.813,0.140
,,,,574,0.420,0.520,0.128,0.386,0.423,0.104,0.597,0.140
,,,,575,0.340,0.720,0.164,0.440,0.430,0.106,0.787,0.160
,,,,576,0.330,0.790,0.129,0.417,0.327,0.113,0.673,0.150
,,,,577,0.350,0.700,0.179,0.358,0.343,0.096,0.790,0.131
,,,,578,0.360,0.680,0.163,0.332,0.390,0.093,0.777,0.121
,,,,579,0.320,0.660,0.177,0.362,0.293,0.102,0.793,0.131
,,,,580,0.290,0.560,0.170,0.382,0.287,0.108,0.740,0.137
,,,,581,0.260,0.680,0.173,0.347,0.283,0.098,0.800,0.125
,,,,582,0.280,0.710,0.167,0.459,0.290,0.129,0.787,0.164
,,,,583,0.220,0.700,0.161,0.577,0.313,0.165,0.783,0.205
,,,,584,0.200,0.760,0.159,0.433,0.280,0.124,0.783,0.151
,,,,585,0.180,0.730,0.158,0.575,0.253,0.167,0.783,0.200
,,,,586,0.170,0.810,0.173,0.678,0.213,0.200,0.803,0.235
,,,,587,0.150,0.630,0.155,0.500,0.203,0.153,0.687,0.172
,,,,588,0.150,0.650,0.177,0.448,0.190,0.139,0.800,0.154
,,,,589,0.170,0.700,0.166,0.512,0.233,0.158,0.780,0.187
,,,,590,0.110,0.720,0.161,0.579,0.137,0.181,0.747,0.169
,,,,591,0.170,0.770,0.145,0.503,0.170,0.158,0.757,0.172
,,,,592,0.130,0.730,0.161,0.512,0.157,0.159,0.780,0.175
,,,,593,0.180,0.730,0.165,0.601,0.163,0.193,0.787,0.206
,,,,594,0.190,0.670,0.165,0.554,0.153,0.175,0.793,0.191
,,,,595,0.150,0.670,0.168,0.669,0.127,0.212,0.810,0.230
,,,,596,0.180,0.550,0.116,0.521,0.133,0.168,0.560,0.179
,,,,597,0.210,0.700,0.195,0.598,0.147,0.194,0.790,0.205
,,,,598,0.060,0.700,0.169,0.600,0.063,0.196,0.787,0.203
,,,,599,0.060,0.680,0.181,0.617,0.030,0.203,0.797,0.208
,,,,600,0.040,0.700,0.177,0.727,0.013,0.239,0.820,0.244
,,,,601,0.010,0.640,0.173,0.561,0.007,0.187,0.773,0.187
,,,,602,0.010,0.630,0.184,0.547,0.007,0.182,0.803,0.183
,,,,603,0.030,0.770,0.167,0.581,0.013,0.193,0.783,0.195
,,,,604,0.050,0.630,0.129,0.633,0.033,0.209,0.627,0.213
,,,,605,0.080,0.730,0.155,0.617,0.053,0.203,0.760,0.208
,,,,606,0.100,0.710,0.166,0.626,0.087,0.203,0.790,0.212
,,,,607,0.110,0.700,0.173,0.720,0.093,0.233,0.817,0.243
,,,,608,0.060,0.680,0.194,0.675,0.083,0.219,0.807,0.227
,,,,609,0.060,0.810,0.131,0.650,0.080,0.210,0.633,0.218
,,,,610,0.070,0.470,0.204,0.770,0.067,0.249,0.767,0.259
,,,,611,0.070,0.690,0.222,0.646,0.083,0.211,0.897,0.219
,,,,612,0.060,0.580,0.175,0.650,0.083,0.212,0.677,0.220
,,,,613,0.090,0.700,0.175,0.682,0.110,0.220,0.807,0.232
,,,,614,0.070,0.790,0.170,0.733,0.133,0.236,0.823,0.248
,,,,615,0.150,0.770,0.166,0.707,0.147,0.227,0.783,0.241
,,,,616,0.180,0.640,0.183,0.706,0.190,0.226,0.847,0.241
,,,,617,0.160,0.780,0.179,0.763,0.180,0.243,0.810,0.262
,,,,618,0.190,0.660,0.245,0.718,0.213,0.229,0.903,0.250
,,,,619,0.230,0.700,0.190,0.717,0.230,0.228,0.817,0.250
,,,,620,0.210,0.700,0.187,0.729,0.227,0.235,0.893,0.256
,,,,621,0.230,0.660,0.208,0.709,0.240,0.227,0.853,0.250
,,,,622,0.280,0.700,0.174,0.867,0.273,0.276,0.893,0.307
,,,,623,0.230,0.790,0.154,0.789,0.287,0.250,0.633,0.279
,,,,624,0.330,0.770,0.189,0.701,0.370,0.218,0.793,0.284
,,,,625,0.350,0.700,0.195,0.724,0.350,0.223,0.827,0.258
,,,,626,0.340,0.640,0.210,0.700,0.337,0.216,0.863,0.250
,,,,627,0.390,0.660,0.227,0.884,0.407,0.275,0.907,0.320
,,,,628,0.380,0.800,0.242,0.701,0.457,0.218,0.830,0.269
,,,,629,0.460,0.730,0.232,0.764,0.373,0.243,0.840,0.279
,,,,630,0.350,0.650,0.227,0.815,0.437,0.241,0.827,0.296
,,,,631,0.330,0.690,0.203,0.814,0.397,0.260,0.717,0.298
,,,,632,0.420,0.820,0.237,0.738,0.383,0.236,0.830,0.273
,,,,633,0.400,0.600,0.237,0.802,0.423,0.253,0.863,0.293
,,,,634,0.380,0.680,0.246,0.697,0.380,0.220,0.900,0.257
,,,,635,0.350,0.770,0.232,0.770,0.470,0.240,0.870,0.277
,,,,636,0.460,0.750,0.211,0.771,0.400,0.239,0.843,0.278
,,,,637,0.420,0.750,0.221,0.765,0.400,0.239,0.877,0.276
,,,,638,0.350,0.690,0.220,0.796,0.377,0.250,0.867,0.286
,,,,639,0.350,0.670,0.227,0.744,0.337,0.236,0.887,0.270
,,,,640,0.350,0.750,0.221,0.835,0.363,0.265,0.823,0.309
,,,,641,0.460,0.670,0.226,0.681,0.387,0.215,0.813,0.253
,,,,642,0.310,0.750,0.203,0.737,0.397,0.227,0.827,0.266
,,,,643,0.290,0.660,0.218,0.726,0.393,0.222,0.827,0.264
,,,,644,0.380,0.700,0.183,0.836,0.483,0.256,0.877,0.302
,,,,645,0.380,0.700,0.226,0.752,0.477,0.234,0.833,0.277
,,,,646,0.300,0.760,0.217,0.760,0.407,0.232,0.837,0.274
,,,,647,0.380,0.760,0.242,0.832,0.497,0.257,0.873,0.305
,,,,648,0.500,0.760,0.219,0.944,0.500,0.295,0.950,0.347
,,,,649,0.440,0.570,0.237,0.691,0.543,0.214,0.830,0.284
,,,,650,0.520,0.790,0.205,0.709,0.523,0.217,0.770,0.267
,,,,651,0.660,0.730,0.218,0.782,0.597,0.233,0.847,0.294
,,,,652,0.480,0.780,0.205,0.679,0.543,0.195,0.837,0.252
,,,,653,0.500,0.710,0.187,0.856,0.627,0.249,0.887,0.308
,,,,654,0.650,0.350,0.233,0.724,0.573,0.214,0.987,0.270
,,,,655,0.580,0.600,0.221,0.755,0.543,0.242,0.807,0.286
,,,,656,0.770,0.700,0.207,0.660,0.673,0.193,0.803,0.253
,,,,657,0.670,0.770,0.214,0.744,0.560,0.231,0.830,0.283
,,,,658,0.820,0.660,0.198,0.758,0.720,0.217,0.840,0.282
,,,,659,0.620,0.690,0.178,0.688,0.610,0.193,0.813,0.251
,,,,660,0.510,0.540,0.186,0.777,0.560,0.222,0.853,0.279
,,,,661,0.660,0.700,0.200,0.844,0.710,0.203,0.880,0.306
,,,,662,0.530,0.730,0.209,0.696,0.557,0.201,0.813,0.254
,,,,663,0.460,0.780,0.157,0.707,0.480,0.208,0.680,0.256
,,,,664,0.520,0.810,0.196,0.713,0.517,0.204,0.817,0.257
,,,,665,0.620,0.620,0.215,0.684,0.567,0.196,0.817,0.248
,,,,666,0.390,0.670,0.172,0.612,0.447,0.172,0.807,0.219
,,,,667,0.440,0.710,0.175,0.721,0.530,0.201,0.817,0.244
,,,,668,0.440,0.710,0.132,0.665,0.490,0.184,0.677,0.234
,,,,669,0.450,0.750,0.168,0.612,0.510,0.170,0.790,0.219
,,,,670,0.570,0.740,0.173,0.614,0.540,0.170,0.807,0.220
,,,,671,0.420,0.710,0.174,0.589,0.507,0.160,0.807,0.215
,,,,672,0.400,0.660,0.174,0.581,0.477,0.163,0.800,0.207
,,,,673,0.360,0.670,0.167,0.623,0.440,0.175,0.807,0.220
,,,,674,0.350,0.780,0.138,0.598,0.423,0.170,0.797,0.211
,,,,675,0.370,0.520,0.145,0.681,0.410,0.200,0.657,0.239
,,,,676,0.500,0.640,0.150,0.609,0.540,0.158,0.807,0.221
,,,,677,0.460,0.700,0.170,0.613,0.490,0.157,0.793,0.223
,,,,678,0.490,0.690,0.179,0.486,0.473,0.133,0.783,0.178
,,,,679,0.480,0.680,0.162,0.535,0.430,0.147,0.793,0.197
,,,,680,0.560,0.780,0.159,0.473,0.470,0.129,0.747,0.175
,,,,681,0.510,0.670,0.133,0.495,0.490,0.135,0.793,0.182
,,,,682,0.510,0.640,0.171,0.509,0.450,0.139,0.763,0.173
,,,,683,0.600,0.720,0.156,0.439,0.463,0.120,0.757,0.161
,,,,684,0.450,0.620,0.161,0.474,0.417,0.131,0.790,0.173
,,,,685,0.460,0.670,0.112,0.493,0.463,0.137,0.570,0.180
,,,,686,0.450,0.640,0.165,0.461,0.453,0.125,0.800,0.168
,,,,687,0.520,0.640,0.138,0.402,0.397,0.109,0.653,0.147
,,,,688,0.390,0.590,0.141,0.353,0.343,0.099,0.640,0.130
,,,,689,0.340,0.730,0.166,0.301,0.337,0.078,0.797,0.109
,,,,690,0.380,0.700,0.189,0.319,0.383,0.084,0.797,0.117
,,,,691,0.350,0.510,0.131,0.343,0.360,0.089,0.600,0.125
,,,,692,0.360,0.750,0.157,0.335,0.423,0.082,0.760,0.124
,,,,693,0.420,0.750,0.132,0.336,0.377,0.089,0.797,0.125
,,,,694,0.370,0.610,0.136,0.308,0.317,0.078,0.663,0.114
,,,,695,0.270,0.760,0.169,0.275,0.360,0.068,0.797,0.103
,,,,696,0.280,0.600,0.150,0.271,0.280,0.069,0.693,0.101
,,,,697,0.320,0.770,0.166,0.238,0.310,0.059,0.803,0.090
,,,,698,0.260,0.700,0.143,0.234,0.347,0.057,0.687,0.087
,,,,699,0.320,0.680,0.174,0.210,0.293,0.051,0.737,0.080
,,,,700,0.250,0.650,0.169,0.164,0.253,0.039,0.780,0.063
,,,,701,0.230,0.530,0.119,0.187,0.230,0.047,0.563,0.070
,,,,702,0.250,0.650,0.147,0.165,0.230,0.040,0.697,0.063
,,,,703,0.320,0.750,0.164,0.121,0.263,0.026,0.790,0.048
,,,,704,0.250,0.780,0.158,0.120,0.237,0.024,0.777,0.048
,,,,705,0.280,0.800,0.143,0.139,0.237,0.025,0.667,0.046
,,,,706,0.280,0.550,0.168,0.098,0.233,0.026,0.707,0.042
,,,,707,0.300,0.620,0.146,0.084,0.227,0.016,0.687,0.038
,,,,708,0.300,0.790,0.144,0.062,0.183,0.017,0.783,0.028
,,,,709,0.240,0.620,0.146,0.067,0.197,0.017,0.693,0.024
,,,,710,0.250,0.730,0.144,0.038,0.190,0.002,0.817,0.020
,,,,711,0.190,0.610,0.119,0.041,0.143,0.006,0.587,0.020
,,,,712,0.190,0.550,0.112,0.035,0.133,0.004,0.547,0.018
,,,,713,0.160,0.600,0.092,0.030,0.107,0.004,0.473,0.015
,,,,714,0.090,0.470,0.085,0.020,0.073,0.002,0.427,0.010
,,,,715,0.080,0.440,0.087,0.020,0.067,0.001,0.447,0.009
,,,,716,0.090,0.440,0.071,0.013,0.060,0.001,0.383,0.006
,,,,717,0.080,0.250,0.066,0.007,0.050,0.000,0.317,0.005
,,,,718,0.080,0.160,0.074,0.007,0.047,0.000,0.343,0.005
,,,,719,0.050,0.100,0.046,0.006,0.040,0.000,0.190,0.004
,,,,720,0.050,0.100,0.024,0.004,0.027,0.000,0.113,0.003